number,value,datetime_start,datetime_complete,duration,params_auto_class_weights,params_bagging_temperature,params_depth,params_early_stopping_rounds,params_iterations,params_l2_leaf_reg,params_learning_rate,params_random_strength,system_attrs_completed_rung_0,system_attrs_completed_rung_1,state
0,0.8512549238666679,2026-03-01 12:01:17.826493,2026-03-01 12:04:22.990687,0 days 00:03:05.164194,Balanced,1.3629630264132082,8,98,1594,13.849507661133075,0.0029813770307052724,3.8998790405940174,,,COMPLETE
1,0.8626226753089157,2026-03-01 12:04:22.992704,2026-03-01 12:04:43.682891,0 days 00:00:20.690187,None,1.8512537739519748,6,50,1752,5.4181589388967515,0.14783979348659035,3.563510134914501,0.8640269404127863,,COMPLETE
2,0.8581728963411699,2026-03-01 12:04:43.683919,2026-03-01 12:05:10.425521,0 days 00:00:26.741602,None,1.8441200300098726,10,70,1412,2.894574379361577,0.08210795783307676,0.37690620821488274,0.8679681405360634,0.8596568582600572,COMPLETE
3,0.8635573672602594,2026-03-01 12:05:10.426521,2026-03-01 12:05:52.056400,0 days 00:00:41.629879,Balanced,4.010738210400795,6,85,1920,29.957775247880715,0.08990424563322696,2.180867119478397,0.8729943369513922,0.8655703137791219,COMPLETE
4,0.8692966214329054,2026-03-01 12:05:52.058594,2026-03-01 12:08:05.090449,0 days 00:02:13.031855,Balanced,0.9214354190690682,10,80,1605,43.3774318247049,0.0034831692310756976,0.2990461138992595,0.8692966214329054,,PRUNED
5,0.8647360253681463,2026-03-01 12:08:05.091911,2026-03-01 12:08:58.564490,0 days 00:00:53.472579,None,0.5594715878720191,4,50,1904,0.20829257190366926,0.02094469016016961,2.5148341655630917,0.8745888751914168,0.8647360253681463,PRUNED
6,0.8722256599666767,2026-03-01 12:08:58.565490,2026-03-01 12:09:44.132250,0 days 00:00:45.566760,Balanced,3.959820676458199,10,74,2477,92.96636809266307,0.033843711201495215,4.794008810764333,0.8722256599666767,,PRUNED
7,0.8451955581666362,2026-03-01 12:09:44.133252,2026-03-01 12:09:49.510753,0 days 00:00:05.377501,Balanced,0.6197135024348149,6,79,634,0.6406098809229878,0.00305288991400139,4.910023707609772,0.8451955581666362,,PRUNED
8,0.8637316889946163,2026-03-01 12:09:49.511794,2026-03-01 12:11:04.496410,0 days 00:01:14.984616,Balanced,2.6792583126580793,4,72,1073,39.7979570825794,0.014732992751498175,2.0837676890134658,0.8637316889946163,,PRUNED
9,0.8714028084098198,2026-03-01 12:11:04.497410,2026-03-01 12:11:25.944429,0 days 00:00:21.447019,None,3.7303170456835835,10,72,2064,6.667918152888748,0.032837288735053455,0.7491685799496361,0.8714028084098198,,PRUNED
10,0.8693231067792857,2026-03-01 12:11:25.945438,2026-03-01 12:11:35.117398,0 days 00:00:09.171960,Balanced,4.739486462136872,8,95,2979,0.01361190166330694,0.2285958514550427,1.7860771671691253,0.8693231067792857,,PRUNED
11,0.8716441862256936,2026-03-01 12:11:35.118838,2026-03-01 12:11:41.281075,0 days 00:00:06.162237,None,2.6087232180060225,6,61,2507,1.9377848208467274,0.26497086983026463,3.2136304348526243,0.8716441862256936,,PRUNED
12,0.8638836185724881,2026-03-01 12:11:41.282557,2026-03-01 12:12:33.630549,0 days 00:00:52.347992,None,3.3565986156923384,6,88,2197,15.290174924087044,0.09161333532745287,3.2669341883407945,0.8656825755313924,,COMPLETE
13,0.8650026846510194,2026-03-01 12:12:33.631880,2026-03-01 12:13:13.172092,0 days 00:00:39.540212,None,3.5463770446052565,5,87,2290,21.337738318221334,0.078650263940759,2.751237639385124,0.8650026846510194,,PRUNED
14,0.8716622444164074,2026-03-01 12:13:13.173302,2026-03-01 12:13:57.824329,0 days 00:00:44.651027,Balanced,4.818254123875968,7,87,2855,0.2963426014380874,0.008952494642573664,1.373594222982892,0.8716622444164074,,PRUNED
15,0.8637109822692646,2026-03-01 12:13:57.825406,2026-03-01 12:14:50.626314,0 days 00:00:52.800908,None,3.11117290162552,7,89,2197,10.615599072255732,0.07977755670966026,4.150456108425903,0.8743559245312094,0.865995885140276,COMPLETE
16,0.8370275375369591,2026-03-01 12:14:50.627339,2026-03-01 12:15:05.188272,0 days 00:00:14.560933,None,3.1645906662461076,8,93,2196,0.032641090328333816,0.0011347710089968984,4.1979646257217205,0.8370275375369591,,PRUNED
17,0.8632648245706965,2026-03-01 12:15:05.189531,2026-03-01 12:16:09.736283,0 days 00:01:04.546752,None,3.0993172848316366,7,91,2687,8.596640439271413,0.04398576182901218,3.109660000677565,0.865266033265595,,COMPLETE
18,0.8656681289788214,2026-03-01 12:16:09.737701,2026-03-01 12:16:34.016858,0 days 00:00:24.279157,None,2.0953768107117696,5,99,1354,1.5129319148984013,0.1097528502281746,4.4151208383068905,0.873046705704462,0.8656681289788214,PRUNED
19,0.858878249270449,2026-03-01 12:16:34.018145,2026-03-01 12:17:34.175875,0 days 00:01:00.157730,None,3.0663259067286215,9,81,2322,97.6948881883045,0.009725116701078526,3.6198880013845667,0.858878249270449,,PRUNED
20,0.8648621317332974,2026-03-01 12:17:34.176882,2026-03-01 12:18:14.566161,0 days 00:00:40.389279,None,0.03152589618095547,5,91,2597,0.7300589006533581,0.04729575609010385,4.280027006414481,0.873208025541505,0.8648621317332974,PRUNED
21,0.8646409188970539,2026-03-01 12:18:14.567242,2026-03-01 12:18:35.199311,0 days 00:00:20.632069,Balanced,4.165466698040974,6,86,1986,24.12192908439821,0.15087264296333588,2.0521624119484776,0.8646409188970539,,PRUNED
22,0.8636269514884762,2026-03-01 12:18:35.201383,2026-03-01 12:19:12.866697,0 days 00:00:37.665314,None,4.352053727215363,7,84,1832,3.309231743832233,0.07300480153749724,3.0404993100084625,0.8738075574732016,0.8657343423447716,COMPLETE
23,0.8657277210081769,2026-03-01 12:19:12.868701,2026-03-01 12:19:51.472087,0 days 00:00:38.603386,None,4.392458645307496,7,66,2141,3.401823926664705,0.05571245309607723,3.00756143228528,0.8746213799347017,0.8657277210081769,PRUNED
24,0.8650391020022923,2026-03-01 12:19:51.473087,2026-03-01 12:20:15.788475,0 days 00:00:24.315388,None,3.3483977359845607,7,82,1143,9.435134349087638,0.1566848329551733,3.623039456208682,0.8748031657212201,0.8650391020022923,PRUNED
25,0.865095082393505,2026-03-01 12:20:15.789475,2026-03-01 12:21:26.534101,0 days 00:01:10.744626,None,4.506610604028303,8,78,1738,4.014432683358842,0.02849286808758375,2.6933726393751436,0.874036294555576,0.865095082393505,PRUNED
26,0.864476890331404,2026-03-01 12:21:26.535440,2026-03-01 12:22:19.767363,0 days 00:00:53.231923,None,2.8092062316965944,7,91,2390,15.603246519185637,0.05952920527607867,3.381576981786524,0.8738966445473895,0.864476890331404,PRUNED
27,0.8685887403569261,2026-03-01 12:22:19.768366,2026-03-01 12:22:29.168433,0 days 00:00:09.400067,None,3.5355884615627984,9,84,1782,1.272289488260249,0.28418766961121666,3.8760016341944303,0.8685887403569261,,PRUNED
28,0.8735968785815412,2026-03-01 12:22:29.169433,2026-03-01 12:23:13.617202,0 days 00:00:44.447769,None,4.9912793632387285,5,89,2674,0.18122573330856448,0.017319501825381698,4.600767419617284,0.8735968785815412,,PRUNED
29,0.8636844367289153,2026-03-01 12:23:13.618199,2026-03-01 12:23:39.742505,0 days 00:00:26.124306,None,2.286814206008971,9,96,1494,12.883797481739267,0.20447215835532218,3.9259448403681176,0.8636844367289153,,PRUNED
30,0.8719307095183519,2026-03-01 12:23:39.744511,2026-03-01 12:23:51.737850,0 days 00:00:11.993339,None,3.799152334019521,7,100,2197,0.43239447803395,0.12061350869770071,4.0217246394314,0.8719307095183519,,PRUNED
31,0.8733645298610242,2026-03-01 12:23:51.739859,2026-03-01 12:24:12.183639,0 days 00:00:20.443780,Balanced,4.12614800767456,6,86,1935,37.48641673614536,0.08175528772593536,2.319558253369742,0.8733645298610242,,PRUNED
32,0.864150157467423,2026-03-01 12:24:12.184648,2026-03-01 12:24:41.854988,0 days 00:00:29.670340,Balanced,4.329221892347405,6,83,1812,5.410755061880335,0.09984104782448508,1.515991039458282,0.8663221364525046,,COMPLETE
33,0.8637485433059491,2026-03-01 12:24:41.857144,2026-03-01 12:25:02.521712,0 days 00:00:20.664568,Balanced,4.503014807103695,8,77,1734,5.735938965691124,0.16163959126557081,1.4457534243101926,0.8637485433059491,,PRUNED
34,0.8652527905924049,2026-03-01 12:25:02.521712,2026-03-01 12:25:24.154846,0 days 00:00:21.633134,None,1.6185114890383876,6,84,1586,4.274163376829602,0.0675001839298751,0.8221803233104733,0.8736980044495382,0.8652527905924049,PRUNED
35,0.8725982606350704,2026-03-01 12:25:24.156204,2026-03-01 12:25:37.105392,0 days 00:00:12.949188,Balanced,4.237031510860597,7,96,2066,2.1372244211466263,0.105490086510221,2.900090760620247,0.8725982606350704,,PRUNED
36,0.8648290250503221,2026-03-01 12:25:37.106392,2026-03-01 12:26:58.583248,0 days 00:01:21.476856,None,3.3689468499089132,6,82,1283,13.940526927615307,0.023757075308700044,3.476580451989631,0.8648290250503221,,PRUNED
37,0.8732363167069565,2026-03-01 12:26:58.584297,2026-03-01 12:27:17.093831,0 days 00:00:18.509534,Balanced,2.8902424867141487,5,90,1802,2.6697797613764895,0.041409940134968806,2.48154308049454,0.8732363167069565,,PRUNED
38,0.8639691542025021,2026-03-01 12:27:17.094831,2026-03-01 12:27:37.837596,0 days 00:00:20.742765,None,3.8434125981770975,6,75,1570,55.59635903859434,0.11009135708711747,1.3890099690150048,0.8639691542025021,,PRUNED
39,0.8629799867091716,2026-03-01 12:27:37.838827,2026-03-01 12:28:12.651860,0 days 00:00:34.813033,Balanced,2.3759881950754362,7,68,753,8.985664509656788,0.06785031630146768,1.7612022529938902,0.8655426245533607,,COMPLETE
40,0.8623782276006203,2026-03-01 12:28:12.653191,2026-03-01 12:30:21.932047,0 days 00:02:09.278856,None,3.5394196785871994,8,94,1841,59.42898974570162,0.004799734851883399,0.10326650279045313,0.8623782276006203,,PRUNED
41,0.8631155435274629,2026-03-01 12:30:21.933319,2026-03-01 12:31:05.928790,0 days 00:00:43.995471,Balanced,3.8745406502634454,6,85,2021,36.803300684048146,0.09017646467121325,2.189360192842637,0.8655164401768258,,COMPLETE
42,0.8646206335294856,2026-03-01 12:31:05.929791,2026-03-01 12:31:28.863669,0 days 00:00:22.933878,Balanced,4.063314156339355,5,89,1693,23.905158629322838,0.1983835927046833,0.9880762586454344,0.8666459800059714,,COMPLETE
43,0.8640747946181776,2026-03-01 12:31:28.864941,2026-03-01 12:31:50.065926,0 days 00:00:21.200985,Balanced,4.378895608454108,4,88,1684,20.332662607556458,0.1954756739116277,0.8587257508119273,0.8750704269437837,0.8664256700792634,COMPLETE
44,0.8639154009881441,2026-03-01 12:31:50.066994,2026-03-01 12:32:15.389455,0 days 00:00:25.322461,Balanced,4.728328282495925,4,88,1690,19.536883971051186,0.19903774266182156,0.8014721571153787,0.8750896890138784,0.8662483988404234,COMPLETE
45,0.8645406959385925,2026-03-01 12:32:15.390811,2026-03-01 12:32:37.729650,0 days 00:00:22.338839,Balanced,4.753884102778591,4,93,1646,20.027504473300013,0.21078472068211648,0.7616592572278912,0.8751179801793298,0.8667471058739682,COMPLETE
46,0.8638860263312498,2026-03-01 12:32:37.730655,2026-03-01 12:32:57.689672,0 days 00:00:19.959017,Balanced,4.687425581857892,4,93,1676,21.871107371537995,0.19896144000817412,0.8037841363735077,0.8659820405273955,,COMPLETE
47,0.873650451213992,2026-03-01 12:32:57.691000,2026-03-01 12:33:08.708897,0 days 00:00:11.017897,Balanced,4.978485305055772,4,96,1479,58.653428979464046,0.29644954094945986,0.5413380299795745,0.873650451213992,,PRUNED
48,0.8641783282449366,2026-03-01 12:33:08.709948,2026-03-01 12:33:25.523997,0 days 00:00:16.814049,Balanced,4.680720223960074,4,55,1212,26.497512059619368,0.20159285562551396,0.9576089673731301,0.8660991177971897,,COMPLETE
49,0.8645587541293063,2026-03-01 12:33:25.525356,2026-03-01 12:33:38.455160,0 days 00:00:12.929804,Balanced,4.564865828314058,4,52,984,29.42041543398199,0.21286175327556217,1.0633320549632557,0.8645587541293063,,PRUNED
50,0.8737852857046546,2026-03-01 12:33:38.456160,2026-03-01 12:33:45.505013,0 days 00:00:07.048853,Balanced,4.076099009523154,4,58,1231,51.52701888090324,0.13257010753726253,1.0607261198410658,0.8737852857046546,,PRUNED
51,0.8640803324633298,2026-03-01 12:33:45.506051,2026-03-01 12:34:07.120274,0 days 00:00:21.614223,Balanced,4.77653169595712,4,92,1395,18.715241761616934,0.17727985910840513,0.37856380014159813,0.8658983709104218,,COMPLETE
52,0.8649003549036416,2026-03-01 12:34:07.121669,2026-03-01 12:34:19.551663,0 days 00:00:12.429994,Balanced,4.747573229132877,4,98,1386,5.895127841677816,0.24595371525616858,0.3819520598227365,0.8649003549036416,,PRUNED
53,0.8645043387812887,2026-03-01 12:34:19.552665,2026-03-01 12:34:40.678403,0 days 00:00:21.125738,Balanced,4.276247499355899,5,63,1049,29.258931843867668,0.1601835323754132,1.111847589089496,0.8660184578786682,,COMPLETE
54,0.8654144113992931,2026-03-01 12:34:40.679613,2026-03-01 12:34:53.153752,0 days 00:00:12.474139,Balanced,4.861211042536658,5,57,914,29.99112060331621,0.1639212116491132,1.1636510659085615,0.874397458369851,0.8654144113992931,PRUNED
55,0.8637745471005769,2026-03-01 12:34:53.154752,2026-03-01 12:35:13.297691,0 days 00:00:20.142939,Balanced,4.59844095667264,5,53,1119,76.1854669943824,0.1273050669511058,0.5311642252738643,0.8743914389729464,0.8659134194026832,COMPLETE
56,0.864085870308482,2026-03-01 12:35:13.298727,2026-03-01 12:35:29.353570,0 days 00:00:16.054843,Balanced,4.308013074878049,5,63,817,30.283694914249075,0.29861371750155175,0.1038267258251575,0.8747369523552696,0.8663314665177066,COMPLETE
57,0.8730810162668182,2026-03-01 12:35:29.354813,2026-03-01 12:35:35.800712,0 days 00:00:06.445899,Balanced,4.2731843140579615,5,65,629,7.497674828198648,0.2407621409323289,1.6190608816550265,0.8730810162668182,,PRUNED
58,0.8652491789542621,2026-03-01 12:35:35.801713,2026-03-01 12:35:47.413175,0 days 00:00:11.611462,Balanced,4.043379941121273,5,61,776,30.21481019650538,0.2994579918848637,0.5879821199846759,0.873952624938602,0.8652491789542621,PRUNED
59,0.8738105671716538,2026-03-01 12:35:47.414176,2026-03-01 12:35:54.242050,0 days 00:00:06.827874,Balanced,3.946127134447506,5,62,910,12.094954295074338,0.14487671582793024,0.156157738441298,0.8738105671716538,,PRUNED
60,0.8636457320068189,2026-03-01 12:35:54.243053,2026-03-01 12:36:13.518123,0 days 00:00:19.275070,Balanced,1.0467066645380605,5,72,535,66.07636796758014,0.23655693822391688,1.1796678200967206,0.8657448762893548,,COMPLETE
61,0.8654159162485192,2026-03-01 12:36:13.520307,2026-03-01 12:36:28.674959,0 days 00:00:15.154652,Balanced,4.491292803452711,4,57,1223,42.052235467834336,0.18432906733137447,0.4031327665620297,0.8654159162485192,,PRUNED
62,0.8641099478961005,2026-03-01 12:36:28.677327,2026-03-01 12:36:42.693554,0 days 00:00:14.016227,Balanced,4.859795873810523,4,55,1036,16.85049722079453,0.17085488260913248,0.01284939593731288,0.8659164291011355,,COMPLETE
63,0.865655789215167,2026-03-01 12:36:42.694979,2026-03-01 12:36:58.552709,0 days 00:00:15.857730,Balanced,3.6812863576672505,4,54,796,16.209519053900834,0.10247470945546476,0.029941177040888958,0.8740585663241229,0.865655789215167,PRUNED
64,0.8652314217333936,2026-03-01 12:36:58.553895,2026-03-01 12:37:11.168570,0 days 00:00:12.614675,Balanced,4.28209521653768,5,50,1005,26.88964687114009,0.14187432712192805,0.2181343250922093,0.8652314217333936,,PRUNED
65,0.8318162446668145,2026-03-01 12:37:11.169570,2026-03-01 12:37:14.464051,0 days 00:00:03.294481,Balanced,4.9922199887282,4,55,859,86.32502180810255,0.0019612525395421155,0.6387919413202785,0.8318162446668145,,PRUNED
66,0.8654685859714344,2026-03-01 12:37:14.465341,2026-03-01 12:37:28.168211,0 days 00:00:13.702870,Balanced,4.608564095319189,5,63,661,43.946816914929016,0.23495844927420606,0.9774977237933036,0.8654685859714344,,PRUNED
67,0.8646987051073379,2026-03-01 12:37:28.170327,2026-03-01 12:37:39.196939,0 days 00:00:11.026612,Balanced,4.361718592442615,4,69,1050,10.662535918328857,0.2650057319545683,1.2291617595804762,0.8646987051073379,,PRUNED
68,0.8639905230615135,2026-03-01 12:37:39.198344,2026-03-01 12:37:55.119489,0 days 00:00:15.921145,Balanced,4.843388070833429,5,59,1135,7.059748697285625,0.1352518345174112,1.8645365273388548,0.8639905230615135,,PRUNED
69,0.8739122949793414,2026-03-01 12:37:55.120892,2026-03-01 12:38:55.822995,0 days 00:01:00.702103,Balanced,4.093875723647872,6,59,1485,4.5942009878261665,0.01058406839164447,1.5484860672270013,0.8739122949793414,,PRUNED
70,0.864272230836648,2026-03-01 12:38:55.825039,2026-03-01 12:39:12.599838,0 days 00:00:16.774799,Balanced,4.447018365710441,4,55,1305,33.566187546790886,0.16479603336768328,0.26588442911531684,0.8664446311795129,,COMPLETE
71,0.8733940249058567,2026-03-01 12:39:12.600838,2026-03-01 12:39:18.869723,0 days 00:00:06.268885,Balanced,4.458033492135834,4,56,1284,32.79515725622903,0.17453259798385568,0.24764633599452449,0.8733940249058567,,PRUNED
72,0.864016526856141,2026-03-01 12:39:18.870723,2026-03-01 12:39:34.778142,0 days 00:00:15.907419,Balanced,4.679352917538524,4,51,1187,24.247161342138618,0.11878779353258169,0.0330970170245304,0.8743246236673055,0.8657891188566035,COMPLETE
73,0.8655423235835155,2026-03-01 12:39:34.779479,2026-03-01 12:39:52.471375,0 days 00:00:17.691896,Balanced,4.196309907877558,5,65,1049,15.486925756397365,0.09838610003308094,0.6429186411732178,0.8655423235835155,,PRUNED
74,0.8652798778784755,2026-03-01 12:39:52.472587,2026-03-01 12:40:08.082863,0 days 00:00:15.610276,Balanced,3.6970952458653876,4,54,1310,49.129401648156914,0.2229036908103515,0.9473096127939635,0.8652798778784755,,PRUNED
75,0.8656578960040836,2026-03-01 12:40:08.084886,2026-03-01 12:40:18.623418,0 days 00:00:10.538532,Balanced,4.875578870184288,4,60,954,11.669032450072237,0.1611515839155183,0.47397497542493533,0.8743757885409945,0.8656578960040836,PRUNED
76,0.8645633288709538,2026-03-01 12:40:18.625515,2026-03-01 12:40:31.140725,0 days 00:00:12.515210,Balanced,4.421329376011665,5,67,1465,0.09091374045977237,0.2714860277026284,1.2431774404353677,0.8763730244339358,0.8660019045371806,COMPLETE
77,0.8650117137463763,2026-03-01 12:40:31.141730,2026-03-01 12:40:42.261836,0 days 00:00:11.120106,Balanced,3.977721132797809,5,67,1620,0.044344991193198346,0.18287047179687188,1.274434807642964,0.8748037676609105,0.8650117137463763,PRUNED
78,0.8634364977704154,2026-03-01 12:40:42.262839,2026-03-01 12:41:02.451946,0 days 00:00:20.189107,Balanced,4.458164721978553,4,71,1898,0.06678585870815285,0.08747913717184162,0.6921287192611321,0.8655916826381331,,COMPLETE
79,0.8647164623282064,2026-03-01 12:41:02.452944,2026-03-01 12:41:20.511114,0 days 00:00:18.058170,Balanced,4.601364221573933,6,75,1536,0.01919695278529142,0.11875830930355263,1.5561277665278328,0.8647164623282064,,PRUNED
80,0.863916604867525,2026-03-01 12:41:20.513176,2026-03-01 12:41:38.990407,0 days 00:00:18.477231,Balanced,4.202385487419482,5,79,1343,0.18800322396108637,0.15161403964469822,0.9403297455709537,0.8663119034777667,,COMPLETE
81,0.8729461817761555,2026-03-01 12:41:38.991425,2026-03-01 12:41:43.667963,0 days 00:00:04.676538,Balanced,4.360057789597998,5,63,1463,0.8038672513107351,0.2769208604843884,0.2929533485442533,0.8729461817761555,,PRUNED
82,0.8738599262262715,2026-03-01 12:41:43.669092,2026-03-01 12:41:49.393578,0 days 00:00:05.724486,Balanced,4.637626169123367,4,64,1630,0.14118218048586845,0.21559020216025598,1.3968604998198506,0.8738599262262715,,PRUNED
83,0.8730749968699136,2026-03-01 12:41:49.394621,2026-03-01 12:41:55.091762,0 days 00:00:05.697141,Balanced,4.863236423190493,5,56,1086,37.44482221760601,0.2642532815260961,1.0867857454879666,0.8730749968699136,,PRUNED
84,0.8738045477747494,2026-03-01 12:41:55.093771,2026-03-01 12:41:59.791778,0 days 00:00:04.698007,Balanced,4.271148566185483,6,60,1238,0.2987451423927407,0.2083290644863131,0.16006355814290538,0.8738045477747494,,PRUNED
85,0.8654727995492677,2026-03-01 12:41:59.792779,2026-03-01 12:42:11.992679,0 days 00:00:12.199900,Balanced,4.430931047585042,4,53,1446,18.349857041545924,0.18195124621221703,0.71509702255757,0.8654727995492677,,PRUNED
86,0.8639890182122874,2026-03-01 12:42:11.994105,2026-03-01 12:42:23.274515,0 days 00:00:11.280410,Balanced,3.8940531323521674,5,70,1533,0.10248670637673568,0.2639060085151943,1.3004322448425985,0.8639890182122874,,PRUNED
87,0.8641024838439387,2026-03-01 12:42:23.275551,2026-03-01 12:42:43.790454,0 days 00:00:20.514903,Balanced,4.52515862281272,4,66,850,23.372699407765115,0.15217110021484412,0.004570267756753649,0.8657542063545569,,COMPLETE
88,0.865503498473481,2026-03-01 12:42:43.791488,2026-03-01 12:42:59.007524,0 days 00:00:15.216036,Balanced,4.70708871243752,4,77,1747,22.920116824902355,0.13266620946658714,0.44387835654052155,0.8740748186957652,0.865503498473481,PRUNED
89,0.8638759137444503,2026-03-01 12:42:59.008534,2026-03-01 12:43:36.810006,0 days 00:00:37.801472,Balanced,4.5605147008194225,4,67,1907,8.256668777973944,0.054965210144949254,1.7394252470135416,0.8749012818907649,0.8660280889137156,COMPLETE
90,0.8630099633057564,2026-03-01 12:43:36.811042,2026-03-01 12:44:59.707422,0 days 00:01:22.896380,Balanced,4.930916733391441,4,73,1169,13.39671918427661,0.006266726582043604,0.8786321364077513,0.8630099633057564,,PRUNED
91,0.8636563261453709,2026-03-01 12:44:59.709427,2026-03-01 12:45:19.749246,0 days 00:00:20.039819,Balanced,4.135322509520283,5,62,857,71.66426016420695,0.1620684747860462,0.3110985917320259,0.8741283913282161,0.8659293708044804,COMPLETE
92,0.8651483540561105,2026-03-01 12:45:19.750671,2026-03-01 12:45:26.567035,0 days 00:00:06.816364,Balanced,4.335111660123884,4,58,828,0.010615398358750982,0.2993776876134988,0.013200198092770607,0.8651483540561105,,PRUNED
93,0.8653663164180255,2026-03-01 12:45:26.568488,2026-03-01 12:45:40.182451,0 days 00:00:13.613963,Balanced,4.762625849580323,5,68,739,25.54701565792273,0.22971812142052844,0.13615007182750707,0.8669725322880449,,COMPLETE
94,0.8722623782877946,2026-03-01 12:45:40.183462,2026-03-01 12:45:44.999090,0 days 00:00:04.815628,Balanced,4.75937870554301,6,69,642,24.873491301859104,0.20155451552725281,0.4997588724425379,0.8722623782877946,,PRUNED
95,0.8640018395276939,2026-03-01 12:45:45.000091,2026-03-01 12:46:05.368830,0 days 00:00:20.368739,Balanced,4.5406433315216645,4,66,745,0.5190543784118614,0.11461355866786331,0.28194864754522625,0.8747092631295086,0.8662315445290905,COMPLETE
96,0.8650277855361115,2026-03-01 12:46:05.369830,2026-03-01 12:46:23.491446,0 days 00:00:18.121616,Balanced,4.778060500395987,5,94,708,17.6037321622547,0.24003943860500193,1.009248888781697,0.8753647754524179,0.8671154929645288,COMPLETE
97,0.8653123826217604,2026-03-01 12:46:23.492825,2026-03-01 12:46:38.991378,0 days 00:00:15.498553,Balanced,4.792771520277642,5,98,684,9.994505917941183,0.24042043011080128,0.7919127371915585,0.8752600379462783,0.8653123826217604,PRUNED
98,0.8741145467153355,2026-03-01 12:46:38.993387,2026-03-01 12:46:49.664344,0 days 00:00:10.670957,Balanced,2.004638136790414,6,91,1397,17.245250115628668,0.22242513723896712,0.971717209263665,0.8741145467153355,,PRUNED
99,0.8740675954194798,2026-03-01 12:46:49.666350,2026-03-01 12:46:59.990545,0 days 00:00:10.324195,Balanced,4.968645747942611,5,94,501,43.88900512660219,0.17875225406358636,1.0939918903301737,0.8740675954194798,,PRUNED
100,0.8635311226897555,2026-03-01 12:46:59.991545,2026-03-01 12:47:16.860894,0 days 00:00:16.869349,Balanced,4.696095032375151,5,93,580,1.3927500212072486,0.25567144941695535,1.1469962608653732,0.8660578849283932,,COMPLETE
101,0.864979810942782,2026-03-01 12:47:16.862318,2026-03-01 12:47:33.414383,0 days 00:00:16.552065,Balanced,0.268771501753168,4,95,714,33.25933006364363,0.14841963579803502,1.3217767077107396,0.864979810942782,,PRUNED
102,0.8658809146593984,2026-03-01 12:47:33.415417,2026-03-01 12:47:51.864865,0 days 00:00:18.449448,Balanced,4.429707072446365,4,89,1002,20.937115355333663,0.19682417286430895,0.17339019951981913,0.8742391482312605,0.8658809146593984,PRUNED
103,0.8730677735936281,2026-03-01 12:47:51.865932,2026-03-01 12:47:58.418372,0 days 00:00:06.552440,Balanced,4.538093945121512,5,82,1827,13.931405138939924,0.1505610055984616,0.6906542961916378,0.8730677735936281,,PRUNED
104,0.8739044697633656,2026-03-01 12:47:58.419372,2026-03-01 12:48:07.081439,0 days 00:00:08.662067,Balanced,4.8090682501560025,4,97,1672,26.05703530143263,0.173228189580418,0.5710599631026074,0.8739044697633656,,PRUNED
105,0.8736047037975171,2026-03-01 12:48:07.082439,2026-03-01 12:48:15.897735,0 days 00:00:08.815296,Balanced,4.038308852876066,5,92,927,20.158013325174753,0.13033035300295265,1.4277770458081842,0.8736047037975171,,PRUNED
106,0.8656067311303945,2026-03-01 12:48:15.898936,2026-03-01 12:48:37.075631,0 days 00:00:21.176695,Balanced,4.645803462316823,4,68,879,51.04177360825157,0.10222306667316423,0.09271502289030945,0.8656067311303945,,PRUNED
107,0.8647528796794792,2026-03-01 12:48:37.076650,2026-03-01 12:48:52.296720,0 days 00:00:15.220070,Balanced,4.179983780695879,6,87,1096,35.02935112216508,0.22864870949023716,1.0184646175612557,0.8647528796794792,,PRUNED
108,0.8675088605522436,2026-03-01 12:48:52.297948,2026-03-01 12:48:59.284199,0 days 00:00:06.986251,Balanced,4.482162080895615,10,52,1554,28.191105166805,0.1911017427046015,0.36137871189438053,0.8675088605522436,,PRUNED
109,0.8653743824098776,2026-03-01 12:48:59.285199,2026-03-01 12:49:16.445872,0 days 00:00:17.160673,Balanced,4.91330045524657,4,55,1346,15.573086434960352,0.1675714110096386,1.201712274548322,0.8653743824098776,,PRUNED
110,0.8637646752896535,2026-03-01 12:49:16.447354,2026-03-01 12:50:21.479650,0 days 00:01:05.032296,Balanced,4.7523247648606874,5,90,981,11.99826228568915,0.036072124947615504,0.8748456260445436,0.8657722645452708,,COMPLETE
111,0.8647017148057903,2026-03-01 12:50:21.481658,2026-03-01 12:50:32.297235,0 days 00:00:10.815577,Balanced,4.344388799145045,5,65,797,39.41647724930718,0.2615571997310782,0.10697008333610725,0.8647017148057903,,PRUNED
112,0.864557068698173,2026-03-01 12:50:32.298698,2026-03-01 12:50:48.818300,0 days 00:00:16.519602,Balanced,4.242001780892615,5,64,734,29.51069780950338,0.21824473665586144,0.012011661409696004,0.8757620556481205,0.8664783398021785,COMPLETE
113,0.8642652483362386,2026-03-01 12:50:48.819303,2026-03-01 12:51:01.518655,0 days 00:00:12.699352,Balanced,4.621215618400121,5,66,718,22.373731678226505,0.2152896966843818,0.23262977035738067,0.8660130404214541,,COMPLETE
114,0.8727078136587338,2026-03-01 12:51:01.520864,2026-03-01 12:51:07.036409,0 days 00:00:05.515545,Balanced,1.4455273006300655,5,64,713,2.0782593966086784,0.21654091440799064,0.22842266297202857,0.8727078136587338,,PRUNED
115,0.8737022180273715,2026-03-01 12:51:07.038517,2026-03-01 12:51:14.626545,0 days 00:00:07.588028,Balanced,4.883403011960395,5,61,589,59.492712563918715,0.23474858788137104,1.5285468759814331,0.8737022180273715,,PRUNED
116,0.8644210303281294,2026-03-01 12:51:14.627545,2026-03-01 12:51:40.479709,0 days 00:00:25.852164,Balanced,3.8039615761998755,5,71,1241,18.277426835812292,0.19975247160966406,1.9502184694548494,0.8748760004237657,0.8668340861592396,COMPLETE
117,0.8641034469474433,2026-03-01 12:51:40.481716,2026-03-01 12:51:58.882257,0 days 00:00:18.400541,Balanced,3.822420824383319,5,71,1303,1.1276645036681747,0.2021321368127205,1.6895846753768047,0.8752082711328988,0.8661650301932948,COMPLETE
118,0.8640372335814931,2026-03-01 12:51:58.883592,2026-03-01 12:52:16.625920,0 days 00:00:17.742328,Balanced,4.019714448489938,5,68,1207,44.87546715677075,0.27056495182169277,1.271113871930349,0.8749169323227166,0.866515660062987,COMPLETE
119,0.865122771619266,2026-03-01 12:52:16.627926,2026-03-01 12:52:30.927891,0 days 00:00:14.299965,Balanced,4.212267291168603,5,73,1272,28.3652480609184,0.24289463826029928,1.8949867789200563,0.865122771619266,,PRUNED
120,0.8727294834875905,2026-03-01 12:52:30.930078,2026-03-01 12:52:37.032869,0 days 00:00:06.102791,Balanced,3.660627064392641,5,70,603,2.8475700628956115,0.13802690731287293,1.492866094128806,0.8727294834875905,,PRUNED
121,0.8730075796245822,2026-03-01 12:52:37.033881,2026-03-01 12:52:47.898860,0 days 00:00:10.864979,Balanced,4.634509786909899,5,69,1150,17.649961581061877,0.1912110996361794,2.0240262653877585,0.8730075796245822,,PRUNED
122,0.8641913301422506,2026-03-01 12:52:47.900992,2026-03-01 12:53:10.733068,0 days 00:00:22.832076,Balanced,4.292867500596426,5,67,1426,20.099055786921998,0.16442026649914995,0.42016902826631153,0.8755417457214127,0.8664049031599427,COMPLETE
123,0.8635865011412776,2026-03-01 12:53:10.734364,2026-03-01 12:53:26.161726,0 days 00:00:15.427362,Balanced,4.110164825095461,5,64,1403,21.962531508444954,0.21366300061838978,0.376626127728092,0.8747899230480299,0.866078651847714,COMPLETE
124,0.8652287130047867,2026-03-01 12:53:26.163037,2026-03-01 12:53:45.385784,0 days 00:00:19.222747,Balanced,4.417839709036293,5,67,1447,32.60914256957747,0.16556153474259183,2.4271163430090135,0.8652287130047867,,PRUNED
125,0.8730816182065086,2026-03-01 12:53:45.387858,2026-03-01 12:53:51.289426,0 days 00:00:05.901568,Balanced,4.280393936879523,6,66,1596,9.044986099917137,0.2957823423249743,2.6743599776569953,0.8730816182065086,,PRUNED
126,0.8727192505128526,2026-03-01 12:53:51.291492,2026-03-01 12:54:15.355154,0 days 00:00:24.063662,Balanced,3.9991762626236333,5,67,1710,13.940440381364548,0.01350236786520396,0.7379755010008884,0.8727192505128526,,PRUNED
127,0.8638373896042608,2026-03-01 12:54:15.357216,2026-03-01 12:54:39.676673,0 days 00:00:24.319457,Balanced,4.38054704292104,5,71,1793,38.49344858779065,0.11890385557641961,0.5915555117219207,0.8657439733798191,,COMPLETE
128,0.8734891313769491,2026-03-01 12:54:39.677676,2026-03-01 12:54:46.026423,0 days 00:00:06.348747,Balanced,3.2516774395000017,6,69,1989,5.157548119914369,0.24871096336866158,0.4683640492176082,0.8734891313769491,,PRUNED
129,0.8645847579239341,2026-03-01 12:54:46.027475,2026-03-01 12:55:11.112388,0 days 00:00:25.084913,Balanced,4.1596635309557906,5,65,1248,19.299127318122263,0.18657792430494777,0.8779871285178231,0.8666435722472094,,COMPLETE
130,0.8733693453785478,2026-03-01 12:55:11.113847,2026-03-01 12:55:16.691637,0 days 00:00:05.577790,Balanced,4.146204134226066,5,62,1360,24.910525302905967,0.18568546418701562,0.8677914080867781,0.8733693453785478,,PRUNED
131,0.8740555566256705,2026-03-01 12:55:16.696236,2026-03-01 12:55:22.172025,0 days 00:00:05.475789,Balanced,4.2582214834173024,5,65,1498,19.326078431153153,0.2145178661090151,1.0434284222798926,0.8740555566256705,,PRUNED
132,0.8732754427868362,2026-03-01 12:55:22.173026,2026-03-01 12:55:31.110956,0 days 00:00:08.937930,Balanced,4.571617649505861,5,64,1248,29.487004398055404,0.1450087637554513,0.940316175604773,0.8732754427868362,,PRUNED
133,0.85832807639337,2026-03-01 12:55:31.112965,2026-03-01 12:57:57.653268,0 days 00:02:26.540303,Balanced,2.585946914604842,5,66,1655,11.326978148155547,0.001143479445915254,0.7639684156900889,0.85832807639337,,PRUNED
134,0.8657641383594495,2026-03-01 12:57:57.654495,2026-03-01 12:58:11.918574,0 days 00:00:14.264079,Balanced,3.7967834584750455,5,63,756,16.016606446395834,0.16177331063511943,1.15026820189118,0.8741542747349058,0.8657641383594495,PRUNED
135,0.8738834018741994,2026-03-01 12:58:11.919577,2026-03-01 12:58:18.833032,0 days 00:00:06.913455,Balanced,3.905244368089215,5,68,1343,21.993011180909125,0.22768737305729952,0.6337017749731435,0.8738834018741994,,PRUNED
136,0.872814356983945,2026-03-01 12:58:18.834184,2026-03-01 12:58:56.590757,0 days 00:00:37.756573,Balanced,4.397747450775623,6,80,1174,35.67588385485985,0.022584174970802753,2.1708647304531157,0.872814356983945,,PRUNED
137,0.8644947077462414,2026-03-01 12:58:56.592197,2026-03-01 12:59:18.193614,0 days 00:00:21.601417,Balanced,4.67426786204076,5,95,1433,26.63123193797942,0.19970631327553662,0.2668801546047346,0.8747935346861727,0.8663787187834076,COMPLETE
138,0.8654074890928528,2026-03-01 12:59:18.194617,2026-03-01 12:59:31.140976,0 days 00:00:12.946359,None,4.73076534612292,5,95,1289,25.645617220018764,0.2663650603539898,0.24981254161671668,0.8743053615972108,0.8654074890928528,PRUNED
139,0.8644689447274899,2026-03-01 12:59:31.142089,2026-03-01 12:59:54.786400,0 days 00:00:23.644311,Balanced,4.508700410011618,5,93,1438,50.10700560918794,0.18907089697912793,0.46681644677540773,0.8667579407883965,,COMPLETE
140,0.8650047914399361,2026-03-01 12:59:54.787402,2026-03-01 13:00:18.701509,0 days 00:00:23.914107,Balanced,4.4904330166597815,5,94,1439,68.04013196292672,0.1834639319129739,0.4237221328438515,0.8650047914399361,,PRUNED
141,0.8736847617763481,2026-03-01 13:00:18.702591,2026-03-01 13:00:27.243900,0 days 00:00:08.541309,Balanced,4.654599699323861,5,93,1511,47.17238876587594,0.2046832954969881,0.1887914789886982,0.8736847617763481,,PRUNED
142,0.8740904691277172,2026-03-01 13:00:27.245900,2026-03-01 13:00:41.187050,0 days 00:00:13.941150,Balanced,4.593485203455526,5,99,1397,18.658813610429526,0.23335110613655496,0.5282083279190013,0.8740904691277172,,PRUNED
143,0.8657108666968439,2026-03-01 13:00:41.189108,2026-03-01 13:00:59.858485,0 days 00:00:18.669377,Balanced,4.485691355131781,5,96,1547,99.40674864790088,0.1726584086350993,0.328856582378636,0.8745563704481321,0.8657108666968439,PRUNED
144,0.8651495579354913,2026-03-01 13:00:59.859487,2026-03-01 13:01:15.517600,0 days 00:00:15.658113,Balanced,2.8999203879374593,5,92,683,31.25384457087435,0.19383444863595914,0.4771552364212287,0.8651495579354913,,PRUNED
145,0.8736980044495382,2026-03-01 13:01:15.518601,2026-03-01 13:01:23.279405,0 days 00:00:07.760804,Balanced,4.29303840329596,5,97,1334,25.39342073150492,0.1380013071298761,0.3068906844434948,0.8736980044495382,,PRUNED
146,0.8658399827604474,2026-03-01 13:01:23.281631,2026-03-01 13:01:36.506772,0 days 00:00:13.225141,Balanced,4.823888842004239,5,67,1221,59.35006602462489,0.2750136520962239,0.1278498549997292,0.8743499051343049,0.8658399827604474,PRUNED
147,0.8650236923462165,2026-03-01 13:01:36.508264,2026-03-01 13:01:55.501767,0 days 00:00:18.993503,Balanced,4.1598276315007805,5,75,1601,14.163299667996327,0.21326918283292914,0.6613712795184932,0.866939726574915,,COMPLETE
148,0.8737100432433473,2026-03-01 13:01:55.503769,2026-03-01 13:02:03.474949,0 days 00:00:07.971180,Balanced,4.225926563333596,5,76,1610,14.180841318209026,0.15809858188853526,0.6176674188754301,0.8737100432433473,,PRUNED
149,0.8734289374079033,2026-03-01 13:02:03.475949,2026-03-01 13:02:09.485927,0 days 00:00:06.009978,Balanced,4.093985223637826,5,74,1498,20.265218638000352,0.2414852875024517,0.7910973856136279,0.8734289374079033,,PRUNED
150,0.8658454002176614,2026-03-01 13:02:09.486938,2026-03-01 13:02:25.383172,0 days 00:00:15.896234,Balanced,4.172008468926871,5,94,1566,36.87731732127983,0.20791059173402482,0.40595347006229504,0.8750246795273089,0.8658454002176614,PRUNED
151,0.8656446533308935,2026-03-01 13:02:25.384172,2026-03-01 13:02:36.972916,0 days 00:00:11.588744,Balanced,4.669826097959773,5,65,1434,17.171343094155322,0.17935207470660527,0.9066153583106958,0.8656446533308935,,PRUNED
152,0.849552397646175,2026-03-01 13:02:36.974245,2026-03-01 13:02:44.193147,0 days 00:00:07.218902,Balanced,3.9507185016799498,9,72,1276,0.026876590571302636,0.21152159580174967,0.5436442474653926,0.849552397646175,,PRUNED
153,0.8732074236018145,2026-03-01 13:02:44.194148,2026-03-01 13:02:50.196999,0 days 00:00:06.002851,Balanced,4.402725610197847,5,70,2824,23.04835495288829,0.2485786945379316,0.7103885159508089,0.8732074236018145,,PRUNED
154,0.8659519435428726,2026-03-01 13:02:50.198250,2026-03-01 13:03:09.895924,0 days 00:00:19.697674,Balanced,4.9945482999183195,5,66,1724,28.266545648218674,0.1896637929347032,1.0215617648995092,0.876488596854504,0.8659519435428726,PRUNED
155,0.872983502036964,2026-03-01 13:03:09.896975,2026-03-01 13:03:19.240006,0 days 00:00:09.343031,Balanced,4.511602392708976,5,90,1641,52.462979765579924,0.1531998957390575,0.19858230094050863,0.872983502036964,,PRUNED
156,0.8654126055802217,2026-03-01 13:03:19.241006,2026-03-01 13:03:31.358317,0 days 00:00:12.117311,Balanced,4.729458160806224,5,68,1378,41.76939614876639,0.2962087990491285,0.28272473073460724,0.8654126055802217,,PRUNED
157,0.8645286571447833,2026-03-01 13:03:31.359317,2026-03-01 13:03:53.584112,0 days 00:00:22.224795,Balanced,4.324252097031796,4,97,553,13.465507867630137,0.22329468932330127,0.8244920076110165,0.8755561922739836,0.8669051150427136,COMPLETE
158,0.8642556173011913,2026-03-01 13:03:53.585330,2026-03-01 13:04:13.596088,0 days 00:00:20.010758,Balanced,4.321743370881137,5,97,750,10.903991401646671,0.22737636595404967,0.8111116733256941,0.874578642216679,0.8660699237222024,COMPLETE
159,0.8741554786142867,2026-03-01 13:04:13.597099,2026-03-01 13:04:20.298088,0 days 00:00:06.700989,Balanced,4.07456331965876,4,97,555,10.20317130946924,0.2253475201332559,0.8386947382761223,0.8741554786142867,,PRUNED
160,0.8643918964471112,2026-03-01 13:04:20.299464,2026-03-01 13:04:38.908454,0 days 00:00:18.608990,None,4.408761938672301,5,99,636,12.726253896011338,0.25842664540831356,0.6914103483738274,0.8746117488996542,0.8661659331028306,COMPLETE
161,0.86490234130462,2026-03-01 13:04:38.909455,2026-03-01 13:04:59.517455,0 days 00:00:20.608000,None,4.372280899388485,5,100,649,12.355130232449818,0.2627189768143465,0.7061336964875529,0.8758065991852144,0.8668668918723694,COMPLETE
162,0.8734078695187373,2026-03-01 13:04:59.520448,2026-03-01 13:05:07.281740,0 days 00:00:07.761292,None,4.4203596893840995,5,100,716,13.808847626320206,0.2661570766301748,0.7021843481150718,0.8734078695187373,,PRUNED
163,0.8735643738382564,2026-03-01 13:05:07.282750,2026-03-01 13:05:14.723384,0 days 00:00:07.440634,None,4.563543180958188,5,99,626,16.37115143738336,0.25703285079831556,0.6184480503941425,0.8735643738382564,,PRUNED
164,0.8650641426934154,2026-03-01 13:05:14.724381,2026-03-01 13:05:37.538860,0 days 00:00:22.814479,None,4.216059478270518,5,98,595,14.49421104690094,0.2680374570680241,1.0620130165710386,0.8673538610819506,,COMPLETE
165,0.8655068091417784,2026-03-01 13:05:37.539858,2026-03-01 13:05:55.991999,0 days 00:00:18.452141,None,4.1850643882707175,5,99,649,8.206562292048362,0.2899389185450595,1.0704143410225058,0.8758770261289981,0.8655068091417784,PRUNED
166,0.8639132340052585,2026-03-01 13:05:55.993035,2026-03-01 13:06:22.810798,0 days 00:00:26.817763,None,4.028549181231805,5,100,514,12.014160948684241,0.24625957848610222,1.1607619085850827,0.8659522445127177,,COMPLETE
167,0.8739026639442941,2026-03-01 13:06:22.811795,2026-03-01 13:06:29.674419,0 days 00:00:06.862624,None,4.269828009254274,5,96,577,0.30293776249337184,0.29544470708229204,0.9486891173285565,0.8739026639442941,,PRUNED
168,0.8649808342402558,2026-03-01 13:06:29.675829,2026-03-01 13:06:56.642498,0 days 00:00:26.966669,None,4.11782940382935,4,98,623,13.137160158491291,0.19176059806511456,0.7502430838642813,0.8758252593156187,0.86669022257322,COMPLETE
169,0.8657451772592001,2026-03-01 13:06:56.644648,2026-03-01 13:07:16.284035,0 days 00:00:19.639387,None,3.9560147225417963,5,98,674,6.868219137847445,0.20071953257952002,0.7558828568143703,0.8747568163650548,0.8657451772592001,PRUNED
170,0.8633842494052836,2026-03-01 13:07:16.285038,2026-03-01 13:07:37.053699,0 days 00:00:20.768661,None,3.5744737890490157,4,98,542,9.127617605811373,0.26408018451857906,0.8799666575023842,0.8657650412689852,,COMPLETE
171,0.8642392445416108,2026-03-01 13:07:37.053699,2026-03-01 13:07:55.697490,0 days 00:00:18.643791,None,4.141042707193401,4,95,636,12.919961196366463,0.2250671298196151,1.0117215524863614,0.8661451661835097,,COMPLETE
172,0.8649611508123778,2026-03-01 13:07:55.698972,2026-03-01 13:08:13.332332,0 days 00:00:17.633360,None,4.3535590602078384,4,100,580,15.421221237607217,0.18726773108532102,0.6541830907086885,0.8649611508123778,,PRUNED
173,0.864975898334794,2026-03-01 13:08:13.334342,2026-03-01 13:08:28.697162,0 days 00:00:15.362820,None,4.439445212070542,4,99,616,18.110109892753233,0.2440024620744622,0.8275272318483595,0.864975898334794,,PRUNED
174,0.8655549643170151,2026-03-01 13:08:28.698282,2026-03-01 13:08:49.911188,0 days 00:00:21.212906,None,4.191124921048646,4,96,514,13.569810498446508,0.1799033994767844,4.888537328381926,0.8655549643170151,,PRUNED
175,0.873823809844844,2026-03-01 13:08:49.913226,2026-03-01 13:08:58.350063,0 days 00:00:08.436837,None,3.872486672429463,5,97,796,11.45652889832703,0.20851104102600249,0.5382803870973597,0.873823809844844,,PRUNED
176,0.8656864881393804,2026-03-01 13:08:58.351243,2026-03-01 13:09:14.811692,0 days 00:00:16.460449,None,4.065601875422574,5,92,676,19.642534972726995,0.2685478345801927,1.2358578749030946,0.8756061532682918,0.8656864881393804,PRUNED
177,0.8645358804210689,2026-03-01 13:09:14.812748,2026-03-01 13:09:35.365508,0 days 00:00:20.552760,None,4.262342746840821,4,95,562,31.503415785680254,0.22824870944629488,0.9237168820374712,0.8664777378624882,,COMPLETE
178,0.8653235185060338,2026-03-01 13:09:35.366509,2026-03-01 13:09:53.085399,0 days 00:00:17.718890,None,3.7708070628868526,5,94,572,16.211587295249593,0.23348152088358132,1.1030750044062598,0.8747544086062929,0.8653235185060338,PRUNED
179,0.8641376371218616,2026-03-01 13:09:53.086655,2026-03-01 13:10:14.863317,0 days 00:00:21.776662,None,4.308409599048847,4,95,614,24.507839717175095,0.2989790200718976,0.8866142563828864,0.866174360258497,,COMPLETE
180,0.8644253642939006,2026-03-01 13:10:14.865426,2026-03-01 13:11:10.911153,0 days 00:00:56.045727,None,4.2236539038625205,5,99,703,0.07487985348380224,0.028544959553418615,0.7321345660719507,0.8665517764444145,,COMPLETE
181,0.8639199757297916,2026-03-01 13:11:10.912262,2026-03-01 13:12:06.270856,0 days 00:00:55.358594,None,4.212477941710163,5,98,715,0.06429050969662137,0.027035578234926513,0.732778704527011,0.8657683519372827,,COMPLETE
182,0.870660014831794,2026-03-01 13:12:06.272993,2026-03-01 13:12:34.936232,0 days 00:00:28.663239,None,4.085621672899813,5,98,657,0.08553164978702377,0.005931336052329821,0.9857139945661073,0.870660014831794,,PRUNED
183,0.8659895647735262,2026-03-01 13:12:34.937494,2026-03-01 13:13:06.647584,0 days 00:00:31.710090,None,4.352873647641112,5,99,762,0.1136584741786789,0.04856263782410876,1.3434652862535985,0.8746286032109871,0.8659895647735262,PRUNED
184,0.8734066656393562,2026-03-01 13:13:06.648680,2026-03-01 13:13:28.138021,0 days 00:00:21.489341,None,3.975514732233948,5,93,507,27.482638780855503,0.01918524823155598,0.7815180586961246,0.8734066656393562,,PRUNED
185,0.8643637256695976,2026-03-01 13:13:28.140108,2026-03-01 13:13:48.532096,0 days 00:00:20.391988,None,4.2345363043763005,5,95,830,9.81530824410032,0.19910855266977354,0.6795841612968974,0.8746418458841771,0.8663672819292889,COMPLETE
186,0.8416013762749084,2026-03-01 13:13:48.533552,2026-03-01 13:14:23.294201,0 days 00:00:34.760649,None,4.515649734117633,5,97,687,21.497065375734383,0.0023220880089393826,0.8884125108624369,0.8416013762749084,,PRUNED
187,0.8651563598539935,2026-03-01 13:14:23.295289,2026-03-01 13:14:42.047014,0 days 00:00:18.751725,None,4.115153816854598,5,100,558,0.05809615822574601,0.22428630222444293,0.9878973421556165,0.8760455692423265,0.8671194055725169,COMPLETE
188,0.8743125848734964,2026-03-01 13:14:42.048015,2026-03-01 13:14:49.665876,0 days 00:00:07.617861,None,4.11596249543792,4,100,570,0.0556294673720524,0.22287312955617308,1.1054837576619247,0.8743125848734964,,PRUNED
189,0.8650731115948032,2026-03-01 13:14:49.667131,2026-03-01 13:15:05.900711,0 days 00:00:16.233580,None,3.967046264856438,5,96,553,0.07466008201412101,0.17932554195722358,1.0087095044918757,0.8650731115948032,,PRUNED
190,0.8640480684959211,2026-03-01 13:15:05.901713,2026-03-01 13:15:24.214271,0 days 00:00:18.312558,None,4.216321998487901,5,98,609,0.042488587948897566,0.20611569278787933,1.1773984288573291,0.8663341752463136,,COMPLETE
191,0.8642917938765879,2026-03-01 13:15:24.215273,2026-03-01 13:15:38.978379,0 days 00:00:14.763106,None,4.382922148953121,5,100,645,0.04932598670368228,0.2408614706813526,0.9492376210078403,0.8642917938765879,,PRUNED
192,0.865026822432607,2026-03-01 13:15:38.980498,2026-03-01 13:15:57.718813,0 days 00:00:18.738315,None,4.116298757181741,5,98,738,0.03832329762303815,0.2689434537432904,0.8093838706993897,0.8769677408481089,0.8672653759474531,COMPLETE
193,0.8646634916354461,2026-03-01 13:15:57.719813,2026-03-01 13:16:15.249663,0 days 00:00:17.529850,None,4.120575882276078,5,97,766,0.042330332451436074,0.2245187572310406,0.8207445863642233,0.8670947260452081,,COMPLETE
194,0.8643276092881702,2026-03-01 13:16:15.251905,2026-03-01 13:16:33.033214,0 days 00:00:17.781309,None,4.138507162410978,5,96,747,0.0306318162657615,0.2259635756486617,0.8195707772061285,0.8743998661286129,0.8665186697614393,COMPLETE
195,0.8725236201134536,2026-03-01 13:16:33.034237,2026-03-01 13:16:40.094998,0 days 00:00:07.060761,None,4.0219908917911775,5,98,786,0.03820982189469668,0.270060508442342,0.9327984727682559,0.8725236201134536,,PRUNED
196,0.8658478079764231,2026-03-01 13:16:40.096166,2026-03-01 13:16:53.164358,0 days 00:00:13.068192,None,4.271171024198993,5,94,891,0.05669912877926217,0.2531029937121433,0.5850878910851329,0.8762694908071771,0.8658478079764231,PRUNED
197,0.8638737467615645,2026-03-01 13:16:53.165662,2026-03-01 13:17:12.732275,0 days 00:00:19.566613,None,4.193861680236704,5,97,715,0.024157945944805383,0.213580796890683,1.0503762888549149,0.8660256811549537,,COMPLETE
198,0.8654273531026379,2026-03-01 13:17:12.733700,2026-03-01 13:17:29.070300,0 days 00:00:16.336600,None,0.7018698178969498,5,99,676,0.04037783458655597,0.17333741220696555,0.7973495406671643,0.8654273531026379,,PRUNED
199,0.8640309734087122,2026-03-01 13:17:29.071478,2026-03-01 13:17:47.729771,0 days 00:00:18.658293,None,4.079217167279926,4,95,773,0.09317030341914254,0.23872361940854558,0.8569157303903084,0.8661430593945931,,COMPLETE
200,0.8659049922470168,2026-03-01 13:17:47.731042,2026-03-01 13:18:01.601319,0 days 00:00:13.870277,None,4.3342735611808045,5,97,549,0.033022257289003654,0.19770709957900331,0.7262551217724782,0.8751546985004479,0.8659049922470168,PRUNED
201,0.874113944775645,2026-03-01 13:18:01.602720,2026-03-01 13:18:06.950415,0 days 00:00:05.347695,None,3.85408112073939,5,91,1767,0.07446131711681268,0.19230382504828122,0.9513987828750029,0.874113944775645,,PRUNED
202,0.8734006462424516,2026-03-01 13:18:06.951548,2026-03-01 13:18:33.155752,0 days 00:00:26.204204,None,4.138964126831128,5,78,610,0.051153719222293295,0.012321948746121148,1.1007433083647737,0.8734006462424516,,PRUNED
203,0.8701525796727374,2026-03-01 13:18:33.156752,2026-03-01 13:18:42.433550,0 days 00:00:09.276798,None,4.005113931545492,8,98,1582,0.12228696989693807,0.22097006627596313,1.2764660617251478,0.8701525796727374,,PRUNED
204,0.873952624938602,2026-03-01 13:18:42.435556,2026-03-01 13:18:48.324927,0 days 00:00:05.889371,None,4.264295908847349,5,93,841,0.020724486970238827,0.2718014680939277,0.7843000817034887,0.873952624938602,,PRUNED
205,0.8734632479702593,2026-03-01 13:18:48.327053,2026-03-01 13:18:54.778751,0 days 00:00:06.451698,None,4.780419060518579,5,63,713,32.31932518499436,0.16367308105060618,0.6342641612271385,0.8734632479702593,,PRUNED
206,0.8647372292475273,2026-03-01 13:18:54.781199,2026-03-01 13:19:06.569259,0 days 00:00:11.788060,Balanced,3.914782629887361,5,100,501,0.0570660479476575,0.24368628882350482,0.5024061532836712,0.8647372292475273,,PRUNED
207,0.8644140478277201,2026-03-01 13:19:06.571461,2026-03-01 13:19:28.098528,0 days 00:00:21.527067,Balanced,4.5380265164075,5,96,1679,16.43900364464388,0.1920876363137458,0.999368762540624,0.8662056611224008,,COMPLETE
208,0.8654715956698867,2026-03-01 13:19:28.101033,2026-03-01 13:19:42.935686,0 days 00:00:14.834653,None,4.46103625358748,5,96,943,0.8715237132555125,0.21474365192386793,0.8671250840958822,0.8753756103668462,0.8654715956698867,PRUNED
209,0.871605060145814,2026-03-01 13:19:42.936925,2026-03-01 13:19:49.209346,0 days 00:00:06.272421,Balanced,2.2131773403105175,5,74,666,0.037856694985735115,0.299949208933356,1.2117479781399352,0.871605060145814,,PRUNED
210,0.8651080240968496,2026-03-01 13:19:49.211360,2026-03-01 13:20:04.279914,0 days 00:00:15.068554,Balanced,4.110908662432222,5,99,583,19.197438394641168,0.25289852323306106,3.730777584647712,0.8651080240968496,,PRUNED
211,0.8641535283296896,2026-03-01 13:20:04.281222,2026-03-01 13:20:25.080797,0 days 00:00:20.799575,Balanced,4.59477846599939,5,95,1686,15.621289062595507,0.19118850405775795,1.0086660204405473,0.8659718075526577,,COMPLETE
212,0.8646394140478277,2026-03-01 13:20:25.082913,2026-03-01 13:20:50.469528,0 days 00:00:25.386615,Balanced,4.526586200281844,5,96,1640,24.774361478056864,0.17977954784696645,1.0507833324562472,0.8749753204726912,0.8668127173002282,COMPLETE
213,0.8736456356964684,2026-03-01 13:20:50.471546,2026-03-01 13:20:58.142592,0 days 00:00:07.671046,Balanced,4.316702553097482,5,97,1589,24.103953113759527,0.17409389839588224,0.06703593695429462,0.8736456356964684,,PRUNED
214,0.865573323477574,2026-03-01 13:20:58.144598,2026-03-01 13:21:15.298219,0 days 00:00:17.153621,Balanced,4.663169405323164,5,64,1634,29.704479863301845,0.1526291764573165,1.1437051296737453,0.865573323477574,,PRUNED
215,0.8657572160530093,2026-03-01 13:21:15.299690,2026-03-01 13:21:31.171962,0 days 00:00:15.872272,Balanced,4.211260108609118,5,94,1503,20.88206521566019,0.2254472999965933,0.9365409616250656,0.8657572160530093,,PRUNED
216,0.8743270314260674,2026-03-01 13:21:31.172973,2026-03-01 13:21:42.534037,0 days 00:00:11.361064,Balanced,4.854763021986901,5,98,1735,34.68515787906395,0.20892756184701997,0.7360988207912301,0.8743270314260674,,PRUNED
217,0.8658475070065781,2026-03-01 13:21:42.535265,2026-03-01 13:22:10.129797,0 days 00:00:27.594532,None,4.460104027963876,4,99,746,1.7103027311164027,0.00379223584346318,1.0641105594208113,0.8658475070065781,,PRUNED
218,0.8729696574240834,2026-03-01 13:22:10.131011,2026-03-01 13:23:01.386367,0 days 00:00:51.255356,Balanced,4.292213619887774,5,96,1465,26.082376101691406,0.008865876018981679,0.6089809601966426,0.8729696574240834,,PRUNED
219,0.8643366383835271,2026-03-01 13:23:01.387842,2026-03-01 13:23:16.296492,0 days 00:00:14.908650,Balanced,4.153360231710211,5,93,1531,40.40960981075467,0.2662844704341642,0.8314761550241689,0.8643366383835271,,PRUNED
220,0.8629476625477941,2026-03-01 13:23:16.297492,2026-03-01 13:23:30.636698,0 days 00:00:14.339206,None,4.383839951226352,6,97,645,0.04666361817077483,0.17463988436335234,0.6846597551341431,0.8629476625477941,,PRUNED
221,0.8728005123710645,2026-03-01 13:23:30.637700,2026-03-01 13:23:39.129410,0 days 00:00:08.491710,Balanced,4.692745256169804,5,95,1667,17.501655446996203,0.20111258446499047,0.99777492354688,0.8728005123710645,,PRUNED
222,0.86500202251736,2026-03-01 13:23:39.130877,2026-03-01 13:24:04.379459,0 days 00:00:25.248582,Balanced,4.486920847257653,5,96,1717,15.919693946537024,0.19096098566582975,0.8696033204572392,0.8763844612880547,0.8671949490036694,COMPLETE
223,0.8651396259305988,2026-03-01 13:24:04.380847,2026-03-01 13:24:19.358619,0 days 00:00:14.977772,Balanced,4.61792675266322,5,94,1861,13.96322920613915,0.2333529463872779,0.8894408630169819,0.8743860215157323,0.8651396259305988,PRUNED
224,0.8649661469118086,2026-03-01 13:24:19.359619,2026-03-01 13:24:38.610263,0 days 00:00:19.250644,Balanced,4.526928470397707,5,100,1620,22.283459446965754,0.18553782306496117,0.7691550165458454,0.8746225838140824,0.8665397376506052,COMPLETE
225,0.8640892411707487,2026-03-01 13:24:38.612274,2026-03-01 13:25:01.227258,0 days 00:00:22.614984,Balanced,4.77297427915114,5,100,1712,0.06846216452358983,0.1426644771877936,0.7846468149429768,0.8756320366749815,0.8662778938852559,COMPLETE
226,0.8655995078541091,2026-03-01 13:25:01.228295,2026-03-01 13:25:17.249109,0 days 00:00:16.020814,Balanced,4.484429941671355,5,99,1630,23.899279682976143,0.16270130852395157,0.8939005554977908,0.8744028758270652,0.8655995078541091,PRUNED
227,0.865785808188306,2026-03-01 13:25:17.250112,2026-03-01 13:25:35.580308,0 days 00:00:18.330196,Balanced,4.519781529503295,5,98,1572,27.78947288881719,0.1868274054793663,0.6886453082550783,0.8755272991688416,0.865785808188306,PRUNED
228,0.8738033438953685,2026-03-01 13:25:35.582319,2026-03-01 13:25:43.416231,0 days 00:00:07.833912,Balanced,4.383581269891175,5,100,1756,20.82071788357577,0.22205172640265627,0.5700950670155517,0.8738033438953685,,PRUNED
229,0.8649196771677052,2026-03-01 13:25:43.418306,2026-03-01 13:26:00.188484,0 days 00:00:16.770178,None,4.58497577924389,4,85,1624,0.24489602553130604,0.2435826075078551,0.8112966903750759,0.8752185041076365,0.8664912815055235,COMPLETE
230,0.8733115591682639,2026-03-01 13:26:00.189990,2026-03-01 13:26:05.716686,0 days 00:00:05.526696,Balanced,4.5468441116509695,4,86,1604,0.23059764241420855,0.26696394342626967,1.0742720502398229,0.8733115591682639,,PRUNED
231,0.8655859642110738,2026-03-01 13:26:05.717685,2026-03-01 13:26:17.434597,0 days 00:00:11.716912,None,4.626421760021814,4,85,1725,0.5049621357043793,0.23785378362871576,0.7914727751662569,0.8655859642110738,,PRUNED
232,0.8643538538586742,2026-03-01 13:26:17.436066,2026-03-01 13:26:34.810993,0 days 00:00:17.374927,None,4.268418853926284,4,89,801,0.030733713528949533,0.21249369926884545,0.887712382366092,0.8746159624774874,0.8664052041297878,COMPLETE
233,0.8661963310571987,2026-03-01 13:26:34.811993,2026-03-01 13:26:47.805885,0 days 00:00:12.993892,None,4.731955461988423,4,97,1633,14.61748280710884,0.24542007643814598,0.7268930873108164,0.8745455355337038,0.8661963310571987,PRUNED
234,0.8645081911953078,2026-03-01 13:26:47.806904,2026-03-01 13:27:13.468744,0 days 00:00:25.661840,None,4.4371971544548945,4,98,1783,20.959674632325704,0.18500165282232972,0.9966369884057051,0.8663934663058239,,COMPLETE
235,0.864492781539232,2026-03-01 13:27:13.469988,2026-03-01 13:27:39.106294,0 days 00:00:25.636306,None,4.436881323059609,4,92,1813,21.723242198872658,0.18737585879863355,0.9662579126340015,0.876080481744373,0.8664515534859532,COMPLETE
236,0.8642286504030589,2026-03-01 13:27:39.107305,2026-03-01 13:28:05.775840,0 days 00:00:26.668535,None,4.448093589610642,4,92,1849,22.159814340412538,0.16431840733054628,1.1520573493101387,0.8663091947491597,,COMPLETE
237,0.8649470052296521,2026-03-01 13:28:05.776903,2026-03-01 13:28:24.149469,0 days 00:00:18.372566,None,4.3696323795927645,4,95,1809,29.035527109552078,0.20696983290098178,0.9579817473524207,0.8649470052296521,,PRUNED
238,0.8743914389729464,2026-03-01 13:28:24.150519,2026-03-01 13:28:36.095260,0 days 00:00:11.944741,None,1.6728685936595302,4,81,1784,18.35736856683881,0.17486191284972358,1.0384524761226375,0.8743914389729464,,PRUNED
239,0.864344463599503,2026-03-01 13:28:36.096297,2026-03-01 13:28:49.552183,0 days 00:00:13.455886,None,4.582440480360927,4,91,1689,0.15217524951710984,0.2791305502084925,0.9516134167253555,0.864344463599503,,PRUNED
240,0.8740116150282671,2026-03-01 13:28:49.553220,2026-03-01 13:28:57.201796,0 days 00:00:07.648576,None,4.884893480772764,4,96,1883,23.54734536463379,0.22558134060356386,1.115971943070348,0.8740116150282671,,PRUNED
241,0.8639310514200961,2026-03-01 13:28:57.203241,2026-03-01 13:29:20.091273,0 days 00:00:22.888032,None,4.501408106498976,4,93,1715,33.09762704953612,0.18218081752802134,0.853466969198463,0.8659260601361829,,COMPLETE
242,0.8740934788261694,2026-03-01 13:29:20.092274,2026-03-01 13:29:27.476184,0 days 00:00:07.383910,Balanced,4.413745255682615,4,62,1759,18.072811946150598,0.20031876659145306,0.8451073920570321,0.8740934788261694,,PRUNED
243,0.8646158180119616,2026-03-01 13:29:27.477188,2026-03-01 13:29:55.512307,0 days 00:00:28.035119,None,4.630949319423018,4,94,1660,11.770314447060349,0.1892579178557714,1.005512648354197,0.8760010257052324,0.8663931653359787,COMPLETE
244,0.8646844391366739,2026-03-01 13:29:55.513738,2026-03-01 13:30:13.079704,0 days 00:00:17.565966,None,4.706535484000448,4,88,1657,11.586973421950313,0.2422060339119507,1.215091875884046,0.8769870029182036,0.8666655430459111,COMPLETE
245,0.86511494640329,2026-03-01 13:30:13.081699,2026-03-01 13:30:26.616424,0 days 00:00:13.534725,None,4.776060123892136,4,88,1654,12.624499155701974,0.2514701199100364,1.2341457914767542,0.86511494640329,,PRUNED
246,0.8644516088644046,2026-03-01 13:30:26.617724,2026-03-01 13:30:50.497195,0 days 00:00:23.879471,None,4.724083533959169,4,87,1591,9.843675601618463,0.23275306003143584,1.342329484162928,0.8757433955177163,0.8668133192399188,COMPLETE
247,0.864764316533598,2026-03-01 13:30:50.498499,2026-03-01 13:31:06.129907,0 days 00:00:15.631408,None,4.6370332778200405,4,97,1662,11.181191668044672,0.27165254355962654,1.0700765172625144,0.864764316533598,,PRUNED
248,0.8739285473509837,2026-03-01 13:31:06.132109,2026-03-01 13:31:15.700079,0 days 00:00:09.567970,None,4.887597458949104,4,98,1537,14.637518093300528,0.21866621412199416,4.501469768027423,0.8739285473509837,,PRUNED
249,0.8737329169515848,2026-03-01 13:31:15.701369,2026-03-01 13:31:22.126971,0 days 00:00:06.425602,None,4.5942834852432926,4,95,1632,0.3617115730274744,0.24397206995620457,1.13045446668853,0.8737329169515848,,PRUNED
250,0.8743065654765918,2026-03-01 13:31:22.128025,2026-03-01 13:31:31.487292,0 days 00:00:09.359267,None,4.691282305537705,4,65,1694,12.624166166000522,0.20582397273992326,1.2511084070763963,0.8743065654765918,,PRUNED
251,0.8658156042029838,2026-03-01 13:31:31.488295,2026-03-01 13:31:44.874443,0 days 00:00:13.386148,None,4.808272293356273,4,98,597,16.56295294743624,0.27318194384429334,0.01884905792691055,0.8752461933333975,0.8658156042029838,PRUNED
252,0.8728528811241344,2026-03-01 13:31:44.875872,2026-03-01 13:31:52.655681,0 days 00:00:07.779809,None,4.068153980425448,4,84,1601,14.564698458487308,0.1503976919888817,3.180304514180333,0.8728528811241344,,PRUNED
253,0.8640126744421224,2026-03-01 13:31:52.656681,2026-03-01 13:32:15.409536,0 days 00:00:22.752855,Balanced,4.304985069692236,4,96,1727,10.596342389956394,0.22358343194027197,1.0084630226783318,0.865927564985409,,COMPLETE
254,0.8658375750016855,2026-03-01 13:32:15.410953,2026-03-01 13:32:29.021157,0 days 00:00:13.610204,None,4.182395960046389,4,94,551,7.271525634091514,0.19286288088044157,0.8926642112140475,0.8752341545395884,0.8658375750016855,PRUNED
255,0.8692304080669548,2026-03-01 13:32:29.022159,2026-03-01 13:32:37.090790,0 days 00:00:08.068631,Balanced,4.565034698217703,10,64,1665,26.36886426932048,0.24657788631668795,0.7942758774412115,0.8692304080669548,,PRUNED
256,0.873890625150485,2026-03-01 13:32:37.092936,2026-03-01 13:32:47.741451,0 days 00:00:10.648515,Balanced,4.29872911603676,5,89,622,21.069706010152718,0.1706257380824721,1.0385312793550459,0.873890625150485,,PRUNED
257,0.8659131184328379,2026-03-01 13:32:47.742570,2026-03-01 13:33:00.357584,0 days 00:00:12.615014,None,4.637162937834779,5,99,1551,8.617496317254993,0.2971885497936186,0.9310681767871155,0.8746930107578661,0.8659131184328379,PRUNED
258,0.8722401065192477,2026-03-01 13:33:00.358648,2026-03-01 13:33:11.005631,0 days 00:00:10.646983,Balanced,4.140333578755074,7,97,1775,17.87758085786075,0.21526833023405945,1.1819582628024938,0.8722401065192477,,PRUNED
259,0.8648922287178202,2026-03-01 13:33:11.006949,2026-03-01 13:33:28.260153,0 days 00:00:17.253204,None,4.7570466684567165,5,95,1615,12.01138162020827,0.25152162905097464,0.7955469999544246,0.866699552638422,,COMPLETE
260,0.8653006447977964,2026-03-01 13:33:28.261487,2026-03-01 13:33:44.251506,0 days 00:00:15.990019,None,4.958970519455238,4,83,1615,11.441558601179736,0.23564171084550725,1.4143675353820306,0.8653006447977964,,PRUNED
261,0.8656879929886065,2026-03-01 13:33:44.252506,2026-03-01 13:33:59.422938,0 days 00:00:15.170432,None,4.819573432463531,5,62,1682,12.545240938327398,0.26257640315994274,0.8022480879376361,0.8750674172453313,0.8656879929886065,PRUNED
262,0.8646772158603886,2026-03-01 13:33:59.424948,2026-03-01 13:34:14.120023,0 days 00:00:14.695075,None,4.041172031871219,5,100,1578,0.034380330144487055,0.25511372270807764,0.6717629145154287,0.8760281129913032,0.8665150581232965,COMPLETE
263,0.8662300396798644,2026-03-01 13:34:14.122204,2026-03-01 13:34:25.242430,0 days 00:00:11.120226,None,4.001771930012864,5,100,1630,0.023479727861621627,0.2929504866997743,0.6875907233190799,0.8750114368541189,0.8662300396798644,PRUNED
264,0.8734698693068543,2026-03-01 13:34:25.243611,2026-03-01 13:34:31.262004,0 days 00:00:06.018393,None,4.038490530838377,5,100,1602,0.016681734563634008,0.2519761679685518,0.6236046968343418,0.8734698693068543,,PRUNED
265,0.8743336527626624,2026-03-01 13:34:31.263228,2026-03-01 13:34:37.429515,0 days 00:00:06.166287,None,4.232221435141191,4,98,1555,0.035818934709753336,0.26412638386338766,0.7674116846897288,0.8743336527626624,,PRUNED
266,0.8647173652377422,2026-03-01 13:34:37.430521,2026-03-01 13:34:49.745170,0 days 00:00:12.314649,None,1.1424561265817366,5,96,1723,0.02632421742411715,0.2983604288978784,0.8877537980745571,0.8647173652377422,,PRUNED
267,0.8652642274465238,2026-03-01 13:34:49.746170,2026-03-01 13:35:03.451490,0 days 00:00:13.705320,None,4.732166859596714,5,99,1664,0.04538555157755512,0.2281803903282101,0.663191044261623,0.8652642274465238,,PRUNED
268,0.8640642004796255,2026-03-01 13:35:03.452907,2026-03-01 13:35:26.922326,0 days 00:00:23.469419,None,4.129201860683267,4,98,548,14.81987280625129,0.24687919661498595,0.8194161314878223,0.8661773699569493,,COMPLETE
269,0.8643743198081498,2026-03-01 13:35:26.923611,2026-03-01 13:35:45.510888,0 days 00:00:18.587277,None,3.9176725205756555,5,100,2334,0.03412797661241365,0.21033256138097672,0.9616048854343372,0.8665249901281892,,COMPLETE
270,0.8657298277970933,2026-03-01 13:35:45.511890,2026-03-01 13:35:59.039447,0 days 00:00:13.527557,None,4.3708251716342135,5,96,684,10.409551512359076,0.26733056221075796,0.723409259898142,0.8657298277970933,,PRUNED
271,0.8649962438963316,2026-03-01 13:35:59.040611,2026-03-01 13:36:23.412414,0 days 00:00:24.371803,None,4.462001534072442,4,97,1572,13.324497864825943,0.22507798345630978,0.9052771583741046,0.8748808159412893,0.8667188147085167,COMPLETE
272,0.8654513103023183,2026-03-01 13:36:23.413414,2026-03-01 13:36:42.538017,0 days 00:00:19.124603,None,4.540027350938999,5,97,1513,0.2239830024698047,0.2292421261603781,0.5874344274876305,0.8764928104323373,0.8674796664772564,COMPLETE
273,0.8643391665302269,2026-03-01 13:36:42.540104,2026-03-01 13:36:58.822739,0 days 00:00:16.282635,None,4.5528604113424205,5,95,1561,0.2197263432680956,0.24268079626091327,0.610317441596675,0.8663019714728741,,COMPLETE
274,0.8648985490845702,2026-03-01 13:36:58.823785,2026-03-01 13:37:13.774765,0 days 00:00:14.950980,None,4.787142810179006,5,86,1514,0.04134296370430705,0.2718285995473961,0.4813913791928909,0.8648985490845702,,PRUNED
275,0.8652275091254057,2026-03-01 13:37:13.776841,2026-03-01 13:37:28.080734,0 days 00:00:14.303893,None,4.706457644810786,5,90,1499,9.160779185696809,0.21015191632451197,0.5787675626028487,0.874702039853223,0.8652275091254057,PRUNED
276,0.8643213491153894,2026-03-01 13:37:28.082778,2026-03-01 13:37:44.964393,0 days 00:00:16.881615,None,4.533497812370205,5,94,1512,0.6364306558595065,0.2411658468635047,0.7600631020587856,0.865964283306527,,COMPLETE
277,0.8646692100625055,2026-03-01 13:37:44.965406,2026-03-01 13:38:01.886875,0 days 00:00:16.921469,None,4.888346587284293,5,97,1577,0.16171667779015403,0.22155011934335556,0.8840125660899976,0.8646692100625055,,PRUNED
278,0.8649566362646993,2026-03-01 13:38:01.888959,2026-03-01 13:38:13.285111,0 days 00:00:11.396152,None,4.596443561719796,5,99,1642,0.057952655723979445,0.29736542570235763,0.681306007122062,0.8649566362646993,,PRUNED
279,0.8658153032331385,2026-03-01 13:38:13.287196,2026-03-01 13:38:27.454475,0 days 00:00:14.167279,None,4.681912919546974,5,99,1574,0.26886853633596336,0.19879415239494988,0.8769237140413442,0.8747694570985544,0.8658153032331385,PRUNED
280,0.8644492011056428,2026-03-01 13:38:27.455475,2026-03-01 13:38:48.365860,0 days 00:00:20.910385,None,4.080418156163331,5,96,1631,16.001792683101407,0.2565832252680381,1.0138493509815585,0.866518368791594,,COMPLETE
281,0.8644224147894175,2026-03-01 13:38:48.366861,2026-03-01 13:39:01.760485,0 days 00:00:13.393624,None,4.474347031853651,5,100,1556,0.12320343317351957,0.2376848426695328,0.7599359418533241,0.8644224147894175,,PRUNED
282,0.8656624105517621,2026-03-01 13:39:01.761524,2026-03-01 13:39:16.088164,0 days 00:00:14.326640,None,4.21292858016545,5,94,1696,0.02857453679291737,0.19926965134452418,0.5359664539766713,0.8763369080525084,0.8656624105517621,PRUNED
283,0.8642038504878119,2026-03-01 13:39:16.089167,2026-03-01 13:39:40.265858,0 days 00:00:24.176691,None,4.790682101879126,5,88,727,12.43737357342789,0.18236498741761042,1.0731939571198188,0.8660795547572498,,COMPLETE
284,0.8657078569983918,2026-03-01 13:39:40.267076,2026-03-01 13:39:55.978245,0 days 00:00:15.711169,None,3.99875842410825,6,98,1599,2.4436058372094687,0.22543638501261662,0.9328430537597192,0.8657078569983918,,PRUNED
285,0.8644337914495672,2026-03-01 13:39:55.979751,2026-03-01 13:40:23.124579,0 days 00:00:27.144828,None,4.381988194317018,5,95,1520,7.8453944941797955,0.2707596820263368,2.8571630778673036,0.8750824657375929,0.8664058060694784,COMPLETE
286,0.864843170633048,2026-03-01 13:40:23.125764,2026-03-01 13:40:40.542319,0 days 00:00:17.416555,None,4.606635563841869,5,97,1476,17.786063316039673,0.21488622625347464,0.83171091959352,0.864843170633048,,PRUNED
287,0.8654162172183645,2026-03-01 13:40:40.544365,2026-03-01 13:40:51.867511,0 days 00:00:11.323146,None,4.487263300274541,5,79,1658,6.097194193444115,0.2483381106531211,1.17196599598913,0.8654162172183645,,PRUNED
288,0.8647097206036733,2026-03-01 13:40:51.869582,2026-03-01 13:41:12.714655,0 days 00:00:20.845073,None,4.268749532221321,5,96,787,14.94357096606761,0.17356302849329275,0.6328587249459914,0.8662986608045766,,COMPLETE
289,0.8654643723936012,2026-03-01 13:41:12.715662,2026-03-01 13:41:37.200239,0 days 00:00:24.484577,None,3.380228570664693,5,97,819,14.490593270974605,0.16361577777484138,0.6010586104983202,0.8654643723936012,,PRUNED
290,0.8745238657048473,2026-03-01 13:41:37.201700,2026-03-01 13:41:45.311526,0 days 00:00:08.109826,None,4.697972363457604,5,100,750,11.016264640234267,0.18629009725893736,0.663186982290765,0.8745238657048473,,PRUNED
291,0.8647424661228342,2026-03-01 13:41:45.312526,2026-03-01 13:42:15.971947,0 days 00:00:30.659421,None,2.7513629063633616,5,96,872,12.73476776754689,0.1535889918447123,0.4780194990174691,0.8756157843033391,0.8666104655642342,COMPLETE
292,0.8738557126484382,2026-03-01 13:42:15.974110,2026-03-01 13:42:24.662770,0 days 00:00:08.688660,None,4.164509637818124,5,96,777,3.691816696504822,0.14479127946577203,0.36581561500956516,0.8738557126484382,,PRUNED
293,0.8703662682628502,2026-03-01 13:42:24.663770,2026-03-01 13:42:35.566374,0 days 00:00:10.902604,None,2.482086255998353,9,98,893,9.385871168849818,0.16203727878801735,0.4825047388486457,0.8703662682628502,,PRUNED
294,0.8660160501199063,2026-03-01 13:42:35.567389,2026-03-01 13:42:49.953138,0 days 00:00:14.385749,None,2.971591710531371,5,97,812,12.138029583310866,0.1760562340039309,0.13231841545861533,0.8746454575223199,0.8660160501199063,PRUNED
295,0.8742632258188787,2026-03-01 13:42:49.954436,2026-03-01 13:42:56.756725,0 days 00:00:06.802289,None,3.9285129830703807,5,76,700,14.168554422445442,0.19699189145375903,0.5366483433708914,0.8742632258188787,,PRUNED
296,0.8657397598019859,2026-03-01 13:42:56.757929,2026-03-01 13:43:13.315473,0 days 00:00:16.557544,None,4.324344249591595,7,99,764,0.04873579058317953,0.13122097713295838,0.6590183004795005,0.8773042251350753,0.8657397598019859,PRUNED
297,0.8661871213799348,2026-03-01 13:43:13.316853,2026-03-01 13:43:37.494529,0 days 00:00:24.177676,None,2.7798164803398815,5,96,828,0.4215002588090173,0.15149287621823193,0.7082379152612603,0.8678450438693648,,COMPLETE
298,0.8649634983771707,2026-03-01 13:43:37.495949,2026-03-01 13:44:03.545346,0 days 00:00:26.049397,None,2.681311259252929,5,96,840,0.6068155967402243,0.13667420794206608,0.45505452914644506,0.8749584661613584,0.8667714844314319,COMPLETE
299,0.8735836359083511,2026-03-01 13:44:03.546344,2026-03-01 13:44:11.787492,0 days 00:00:08.241148,None,2.825680354729319,5,96,851,0.5005213083352517,0.13126603087058533,0.4526560800507748,0.8735836359083511,,PRUNED
