number,value,datetime_start,datetime_complete,duration,params_colsample_bytree,params_early_stopping_rounds,params_learning_rate,params_max_depth,params_min_child_samples,params_min_child_weight,params_n_estimators,params_num_leaves,params_reg_alpha,params_reg_lambda,params_scale_pos_weight,params_subsample,system_attrs_completed_rung_0,system_attrs_completed_rung_1,state
0,0.8538776954859338,2025-12-31 20:51:55.235061,2025-12-31 20:52:06.181537,0 days 00:00:10.946476,0.9207488710140077,75,0.0029813770307052724,7,158,0.012313185468743897,2464,165,3.189558257433924,68.00759466734245,1.4604981309148681,0.7105857020572387,,,COMPLETE
1,0.8619080525084032,2025-12-31 20:52:06.185191,2025-12-31 20:52:07.746604,0 days 00:00:01.561413,0.9530564762544467,68,0.04931971559288606,6,106,0.0011352037010541887,1903,187,0.28945743793615764,0.288100449320714,0.6266762858712516,0.9091306486449496,0.8724537951093605,0.8639802900867757,COMPLETE
2,0.861742639481465,2025-12-31 20:52:07.748602,2025-12-31 20:52:08.935807,0 days 00:00:01.187205,0.7744693695582717,85,0.20488076178531783,6,70,0.18723826599997598,2472,172,0.003758956483794702,16.16555309446666,4.123202386128542,0.9476509558244903,0.8649108888482245,,COMPLETE
3,0.8665529803237955,2025-12-31 20:52:08.937009,2025-12-31 20:52:10.175204,0 days 00:00:01.238195,0.8699523774329321,78,0.0034831692310756976,7,21,0.005459442990081154,2774,238,0.1359066326112449,2.3905570899706423,0.5692930860651022,0.6189421115206061,0.8665529803237955,,PRUNED
4,0.8633197214704664,2025-12-31 20:52:10.177199,2025-12-31 20:52:18.849763,0 days 00:00:08.672564,0.9648491545732617,90,0.006555845553592281,4,118,0.0010642808503928906,2018,137,9.296636809266305,14.524344196393692,8.838933302775391,0.8469766835217188,0.8738984503664609,0.8653816056861631,COMPLETE
5,0.8620974227350213,2025-12-31 20:52:18.851770,2025-12-31 20:52:21.440877,0 days 00:00:02.589107,0.9928018966087818,79,0.0050886340074975545,7,83,0.0016424597689546315,989,166,0.0030027805331995197,0.03131632575245507,4.568889481390273,0.7806593633043436,0.8620974227350213,,PRUNED
6,0.8630437923163603,2025-12-31 20:52:21.442895,2025-12-31 20:52:25.303264,0 days 00:00:03.860369,0.7202566823081205,81,0.014732992751498175,5,89,0.13912547180286208,2750,41,0.28092862158076665,0.559207115308422,7.826601870595609,0.6024834066348518,0.8650445194595063,,COMPLETE
7,0.8630765378355212,2025-12-31 20:52:25.306256,2025-12-31 20:52:26.878304,0 days 00:00:01.572048,0.827363846098876,75,0.05608433493489958,9,131,0.05665516705915337,2578,52,6.393152366775282,1.2968719897940162,2.108296580037806,0.6610291098698021,0.8655510517090272,,COMPLETE
8,0.8640886392310582,2025-12-31 20:52:26.879656,2025-12-31 20:52:30.860121,0 days 00:00:03.980465,0.8231043313709798,80,0.021375308080191696,4,156,0.6799256856837608,2174,213,0.003878176760471735,73.0039111673775,0.5464389413942462,0.9187468734900787,0.8640886392310582,,PRUNED
9,0.8645617638277585,2025-12-31 20:52:30.861426,2025-12-31 20:52:32.703621,0 days 00:00:01.842195,0.7010463020186121,86,0.0019167018709944073,6,97,4.804080591664696,984,245,0.005374708639511808,0.24662390583051552,7.451328619624178,0.9516276646058703,0.8645617638277585,,PRUNED
10,0.8646230412882472,2025-12-31 20:52:32.705615,2025-12-31 20:52:36.613797,0 days 00:00:03.908182,0.6157721645430074,99,0.0117033875307268,10,195,0.009536191940215115,1421,90,1.5265320114336935,5.88243390212428,1.241586023083889,0.8376645866578408,0.8752395719968025,0.8664966989627375,COMPLETE
11,0.8719728452966842,2025-12-31 20:52:36.616084,2025-12-31 20:52:38.593408,0 days 00:00:01.977324,0.6041271171101278,97,0.00892457395743067,10,197,0.012542867824188482,1452,87,1.7329000118918294,5.537920387400137,1.1629326858136917,0.83792682423738,0.8719728452966842,,PRUNED
12,0.853527306392118,2025-12-31 20:52:38.595877,2025-12-31 20:52:39.464434,0 days 00:00:00.868557,0.6125741061134384,100,0.0012170098195557323,9,199,0.004852564056248083,1392,107,1.0656481814914367,13.53681015433129,1.1190906277479773,0.8294392184912942,0.853527306392118,,PRUNED
13,0.8652418352900387,2025-12-31 20:52:39.466428,2025-12-31 20:52:41.768733,0 days 00:00:02.302305,0.7119642418426453,93,0.030128563418412718,4,36,0.03603928973880221,628,127,9.614860274580142,8.237739809388609,3.1752099764212995,0.7660419807537077,0.875638056071886,0.8674405403973766,COMPLETE
14,0.8616252010478567,2025-12-31 20:52:41.770728,2025-12-31 20:52:43.612867,0 days 00:00:01.842139,0.6696759017258603,93,0.04020955721071957,10,40,0.0313541021617584,500,91,1.2760107280348085,3.7169933772476584,3.0099869650687494,0.7577478442999211,0.8616252010478567,,PRUNED
15,0.8667805135267888,2025-12-31 20:52:43.614869,2025-12-31 20:52:44.023040,0 days 00:00:00.408171,0.6486148609831891,51,0.1391402578283163,8,53,0.6395216797284324,551,128,0.02094802543440645,0.06716699118242395,1.9560871305665462,0.7295441618436943,0.8667805135267888,,PRUNED
16,0.8645409367144687,2025-12-31 20:52:44.025043,2025-12-31 20:52:47.412562,0 days 00:00:03.387519,0.7462269112930251,95,0.020648163710222812,5,13,0.0272230354524227,914,67,0.5795556224158825,31.43715704570495,0.8765158109024075,0.8763241982511119,0.866580067609866,,COMPLETE
17,0.8651998198996447,2025-12-31 20:52:47.414556,2025-12-31 20:52:48.320675,0 days 00:00:00.906119,0.6744339005440559,69,0.10435811681743432,9,163,0.39316716736192314,1611,17,0.06183481253554045,6.878078651486394,2.8469881104759933,0.7968099920103969,0.8739297512303648,0.8651998198996447,PRUNED
18,0.8714509635850566,2025-12-31 20:52:48.322669,2025-12-31 20:52:50.836858,0 days 00:00:02.514189,0.635000334657875,100,0.012378885037165697,8,134,2.192941283685793,1341,118,4.083085423178124,1.3075607892959469,5.091999512773485,0.7032245419185033,0.8714509635850566,,PRUNED
19,0.8653128641735126,2025-12-31 20:52:50.838998,2025-12-31 20:52:53.606503,0 days 00:00:02.767505,0.7546117300200708,89,0.02314742973022558,5,44,0.00345055050047944,1124,137,9.44332752015928,2.6358434565516697,1.6670930435092561,0.879392885827876,0.8673511523533434,,COMPLETE
20,0.8657081579682369,2025-12-31 20:52:53.608497,2025-12-31 20:52:55.260182,0 days 00:00:01.651685,0.7850890947884615,89,0.038833902402904144,5,41,0.0033321067614512315,753,145,0.0012152845100850626,0.13034505969571397,3.1262373135044847,0.989689592942362,0.8742704490951643,0.8657081579682369,PRUNED
21,0.8651563598539935,2025-12-31 20:52:55.263174,2025-12-31 20:52:58.341205,0 days 00:00:03.078031,0.7340514314769104,93,0.02372526810005031,4,62,0.014708619577502559,1225,96,8.492012718420987,2.2431013885460334,1.4058398097788518,0.8539673973764171,0.867299385539964,,COMPLETE
22,0.865532451772592,2025-12-31 20:52:58.343199,2025-12-31 20:53:01.624753,0 days 00:00:03.281554,0.7502032711645034,92,0.022750655384191482,4,64,0.03730059615838177,1235,144,8.319554817643022,1.9747754626142895,1.644841079943803,0.8813634184598671,0.8758041914264526,0.8677156268359161,COMPLETE
23,0.8655844593618476,2025-12-31 20:53:01.627778,2025-12-31 20:53:03.063244,0 days 00:00:01.435466,0.763588013908632,86,0.07822088732533142,4,30,0.04211764326799119,1135,147,3.642287928222903,0.9817604174066443,1.7571532704143298,0.8735612475692466,0.875580269861602,0.8682390133967697,COMPLETE
24,0.8661812825649373,2025-12-31 20:53:03.066237,2025-12-31 20:53:04.371944,0 days 00:00:01.305707,0.7559930168623721,85,0.08175528772593536,5,24,0.08858400594237308,1156,184,3.508386517999067,0.8113581500494691,1.6897791681534142,0.8997779268347323,0.8661812825649373,,PRUNED
25,0.8642352115456847,2025-12-31 20:53:04.373940,2025-12-31 20:53:05.206746,0 days 00:00:00.832806,0.8106543759558492,89,0.29132789667805487,4,70,0.003001970636158401,1657,150,2.9811333072610515,0.4113437007084693,0.847199406405013,0.8822530754869592,0.8642352115456847,,PRUNED
26,0.8733434619718581,2025-12-31 20:53:05.209102,2025-12-31 20:53:05.857196,0 days 00:00:00.648094,0.8509759456047197,57,0.09337661439611661,5,52,0.0781945207183787,1183,205,0.3936561389588364,2.414795632892763,2.336028570840208,0.9516235959639968,0.8733434619718581,,PRUNED
27,0.8707153932833162,2025-12-31 20:53:05.859326,2025-12-31 20:53:06.759540,0 days 00:00:00.900214,0.7729950765921771,84,0.07422861236994165,6,32,0.24126256820707678,828,160,0.8994261180433347,0.8674789613923841,0.9179138375751165,0.8119799672277095,0.8707153932833162,,PRUNED
28,0.8667949600793597,2025-12-31 20:53:06.762852,2025-12-31 20:53:07.619385,0 days 00:00:00.856533,0.8703067185494657,70,0.1652574632433651,4,53,0.02166716434349839,1778,113,5.324441559690784,0.16395063900127355,1.7147832481473704,0.9919213907343728,0.8756771821517658,0.8667949600793597,PRUNED
29,0.8729497934142982,2025-12-31 20:53:07.621600,2025-12-31 20:53:09.753420,0 days 00:00:02.131820,0.9114632697993241,72,0.028695157735465784,5,78,0.007092029263237657,1071,204,2.723072660261921,0.013129347455577632,2.4795161762366513,0.875441083512287,0.8729497934142982,,PRUNED
30,0.867299385539964,2025-12-31 20:53:09.755415,2025-12-31 20:53:10.991446,0 days 00:00:01.236031,0.7872549844495635,64,0.05976313972396388,4,10,0.0465705018440414,788,150,2.064700873648008,31.700773252062465,1.6219611752573713,0.929193867609079,0.8758415116872611,0.867299385539964,PRUNED
31,0.8750734366422359,2025-12-31 20:53:10.993478,2025-12-31 20:53:12.132614,0 days 00:00:01.139136,0.7042074888667277,92,0.030786114540749164,4,38,0.040826519739524295,1541,123,8.549514643940068,3.634131107512141,3.979720465918669,0.7661694727642296,0.8750734366422359,,PRUNED
32,0.8654549219404609,2025-12-31 20:53:12.134714,2025-12-31 20:53:15.905377,0 days 00:00:03.770663,0.6877062695058003,96,0.01624257966568145,4,25,0.014645594391549067,649,136,4.474996438064184,9.13038359040303,1.9304613247566456,0.8937141918013396,0.875842715566642,0.8676497144398109,COMPLETE
33,0.8661614185551522,2025-12-31 20:53:15.907399,2025-12-31 20:53:20.052814,0 days 00:00:04.145415,0.6855459926739293,88,0.00985845905798743,5,21,0.014301048849077949,707,178,4.365853790186897,1.5620596909708269,1.3981488694149586,0.8958563300902577,0.8661614185551522,,PRUNED
34,0.8655572516878388,2025-12-31 20:53:20.054993,2025-12-31 20:53:27.052818,0 days 00:00:06.997825,0.7571517153069467,96,0.0069085649846656215,4,66,0.001915902795769328,1272,160,4.441471140893312,30.85604797406485,1.9157693338890924,0.8634704886596565,0.8676518212287274,,COMPLETE
35,0.8623397034604309,2025-12-31 20:53:27.054814,2025-12-31 20:53:35.081072,0 days 00:00:08.026258,0.7371889574634259,96,0.003176302022668216,6,61,0.13014259000000422,1251,161,0.6284718148276005,44.59394841043972,2.0143229288877404,0.859938948420016,0.8623397034604309,,PRUNED
36,0.8653350155541215,2025-12-31 20:53:35.083067,2025-12-31 20:53:42.558951,0 days 00:00:07.475884,0.7674429357939795,97,0.005979336769283248,4,108,0.002287704902030057,2135,172,0.17443310616416505,18.237694659777592,2.544414673338033,0.9321418348953424,0.8761159961861101,0.8677014812531902,COMPLETE
37,0.8657165851239033,2025-12-31 20:53:42.560945,2025-12-31 20:53:47.461881,0 days 00:00:04.900936,0.8004568510021792,82,0.007333760365727523,4,26,0.0016059961622110134,2989,191,0.03533677905189901,11.462803275761505,0.7358753508018586,0.8096611411686179,0.8657165851239033,,PRUNED
38,0.8669105324999278,2025-12-31 20:53:47.463875,2025-12-31 20:53:55.294439,0 days 00:00:07.830564,0.661635461402861,91,0.004737537529877534,6,75,0.007611837095623662,1891,141,2.1486845475018512,25.278164215290662,3.7242947844586207,0.912957255508644,0.8760750642871589,0.8669105324999278,PRUNED
39,0.8659104698981999,2025-12-31 20:53:55.296433,2025-12-31 20:54:00.266163,0 days 00:00:04.969730,0.7220976922410346,86,0.01594485175921539,5,90,0.020091250989359762,912,218,4.810195747092583,82.61073944076871,1.0741187689260199,0.8643504777371078,0.8676220252140497,,COMPLETE
40,0.8447019676204601,2025-12-31 20:54:00.268160,2025-12-31 20:54:00.674868,0 days 00:00:00.406708,0.7261156278197405,75,0.0023985324470106855,7,89,0.056151922409339555,874,220,0.7820897344019871,99.45379400928198,0.6564576991244233,0.8631698047641845,0.8447019676204601,,PRUNED
41,0.8651525074399746,2025-12-31 20:54:00.675869,2025-12-31 20:54:04.763970,0 days 00:00:04.088101,0.6966541786082043,87,0.016576566287354554,4,65,0.01916447142896959,1049,237,5.154318117862533,44.81218774006781,1.0449108576941701,0.8234453477475573,0.8669171538365228,,COMPLETE
42,0.8534225688859781,2025-12-31 20:54:04.766962,2025-12-31 20:54:08.613223,0 days 00:00:03.846261,0.7284622137736869,95,0.004270172529677047,4,99,0.2398118544990268,959,254,2.933856373034619,70.81671954702814,1.2774577773179543,0.9712912550044394,0.8534225688859781,,PRUNED
43,0.8660289316292822,2025-12-31 20:54:08.614228,2025-12-31 20:54:13.360352,0 days 00:00:04.746124,0.7589322935851535,83,0.0117325432616766,5,85,0.005032056538119965,1312,159,5.83831992128772,49.78025417796235,1.9649214450979078,0.898046619580572,0.8767299746703778,0.867908548506708,COMPLETE
44,0.8651260220935942,2025-12-31 20:54:13.362362,2025-12-31 20:54:21.639116,0 days 00:00:08.276754,0.8392336860058919,79,0.008644794815357548,5,115,0.0011048427648523915,1336,191,5.808045485750566,94.78317628742928,1.4887844254583102,0.9316522489173251,0.866912338318999,,COMPLETE
45,0.8750939025917115,2025-12-31 20:54:21.641232,2025-12-31 20:54:24.476494,0 days 00:00:02.835262,0.7880721152561697,77,0.012485609034351142,5,88,0.005370775574963879,1514,224,1.952214664106393,42.82113151276271,0.9755713939776869,0.8511387546865486,0.8750939025917115,,PRUNED
46,0.872373135190839,2025-12-31 20:54:24.478503,2025-12-31 20:54:26.484177,0 days 00:00:02.005674,0.7625569161020067,83,0.0065957013728538795,6,82,0.001762735713301739,1250,159,6.568334472370411,0.48768169890507473,2.2010410779828815,0.911243736693499,0.872373135190839,,PRUNED
47,0.8650754591595959,2025-12-31 20:54:26.486304,2025-12-31 20:54:28.639136,0 days 00:00:02.152832,0.8158521690797128,86,0.04598764836847649,5,93,0.00855998187095362,1784,173,0.008421129156603216,19.075953644102242,1.2649559999951756,0.7869309873958068,0.8673674047249857,,COMPLETE
48,0.8664404176016797,2025-12-31 20:54:28.641131,2025-12-31 20:54:33.395378,0 days 00:00:04.754247,0.7444568419291286,81,0.010413325446005359,6,104,0.022737556773489404,1051,100,1.3978734254195464,57.32639289474568,2.6374872420784694,0.8296136244423536,0.8757331625429785,0.8664404176016797,PRUNED
49,0.8655644749641244,2025-12-31 20:54:33.397373,2025-12-31 20:54:36.939293,0 days 00:00:03.541920,0.7068983831402819,91,0.014774691372714584,4,72,0.0806258335621698,1382,77,0.30973150138382716,27.031328352298672,1.851360992466291,0.8436730105002049,0.8676987725245833,,COMPLETE
50,0.8654351783186138,2025-12-31 20:54:36.940295,2025-12-31 20:54:40.932988,0 days 00:00:03.992693,0.7178421409121561,84,0.013893870388255824,5,129,0.12955784065749212,1453,77,0.21148015484296687,23.6152614205872,1.9538063964120551,0.8450838486635059,0.8768082268301374,0.8677321801774036,COMPLETE
51,0.8652769885679614,2025-12-31 20:54:40.935197,2025-12-31 20:54:44.560823,0 days 00:00:03.625626,0.7170131399082594,91,0.017651911762102904,4,71,0.06094560105309657,1323,59,0.08991954716395321,31.720877903669116,1.815845545971391,0.865802793722132,0.8674760548391135,,COMPLETE
52,0.8675437730542901,2025-12-31 20:54:44.562829,2025-12-31 20:54:49.825463,0 days 00:00:05.262634,0.7511352586314831,94,0.0090607315784718,4,83,0.03572045682258593,982,30,2.8800941153703383,69.67688145862111,2.217026642422104,0.8877938004747555,0.8760293168706841,0.8675437730542901,PRUNED
53,0.861849122612707,2025-12-31 20:54:49.828082,2025-12-31 20:54:56.183656,0 days 00:00:06.355574,0.7812991382116531,98,0.00389460712652415,4,48,0.004696686280989245,1654,132,7.064497815784423,4.398257406036065,1.4972909525081814,0.8235657311595347,0.861849122612707,,PRUNED
54,0.8753864452812743,2025-12-31 20:54:56.185660,2025-12-31 20:54:57.923773,0 days 00:00:01.738113,0.7079986216664713,87,0.020090537010461988,4,59,0.07369267548641548,1324,148,0.41129214639262945,12.616588112457416,1.132938855695932,0.870546069602146,0.8753864452812743,,PRUNED
55,0.8622445969893384,2025-12-31 20:54:57.925193,2025-12-31 20:55:05.294270,0 days 00:00:07.369077,0.8048597976227436,91,0.00529429386264471,7,71,0.011630192699222991,1152,108,1.2561422375777285,49.909863807779296,1.578040945991446,0.901546858760213,0.877292186341266,0.8622445969893384,PRUNED
56,0.8667985717175024,2025-12-31 20:55:05.297263,2025-12-31 20:55:05.800528,0 days 00:00:00.503265,0.7718408388304893,90,0.0073640671122916085,5,95,0.1089169568230554,1544,198,4.169854348122071,0.31406630914202643,1.326377710941378,0.8446233898151002,0.8667985717175024,,PRUNED
57,0.8644593136924424,2025-12-31 20:55:05.802636,2025-12-31 20:55:07.777003,0 days 00:00:01.974367,0.7392281693568471,78,0.03589293813670052,4,79,0.2033108194768359,1444,154,0.01237995716678537,0.7458810443146434,3.552637258542582,0.9178171661022546,0.8669677167705213,,COMPLETE
58,0.8668828432741666,2025-12-31 20:55:07.778199,2025-12-31 20:55:09.957548,0 days 00:00:02.179349,0.6414985566734986,86,0.027000022067646522,5,117,0.030478736513867524,903,79,6.970858529008827,0.06660581410614747,0.5077690398122052,0.9637632728356232,0.8668828432741666,,PRUNED
59,0.866148175881962,2025-12-31 20:55:09.960541,2025-12-31 20:55:15.208664,0 days 00:00:05.248123,0.6598379409638704,93,0.011546245718549212,8,66,0.4273983015600302,1072,165,9.814003082767886,23.052290270753513,5.3538702536013885,0.6669936061061941,0.866148175881962,,PRUNED
60,0.8540765763596613,2025-12-31 20:55:15.211655,2025-12-31 20:55:17.281221,0 days 00:00:02.069566,0.684134331181398,99,0.001461430492706573,4,57,0.01836498507095098,1256,130,2.286098647531196,9.633511666021366,1.8081769118598532,0.8379989291836772,0.8540765763596613,,PRUNED
61,0.867617209696526,2025-12-31 20:55:17.283238,2025-12-31 20:55:20.764146,0 days 00:00:03.480908,0.6861994507878909,95,0.016609651568618326,4,31,0.010368505552531947,670,138,4.024704334412548,7.0360066674640445,1.9235459344295955,0.8812234400189061,0.8757560362512158,0.867617209696526,PRUNED
62,0.8648096425922894,2025-12-31 20:55:20.766140,2025-12-31 20:55:24.480841,0 days 00:00:03.714701,0.6964739558939635,97,0.013239114037877836,4,85,0.003983169783814749,600,182,4.636108567632543,1.6863602485934688,2.268033526069659,0.8937560026993022,0.867095929924589,,COMPLETE
63,0.865746260750643,2025-12-31 20:55:24.483184,2025-12-31 20:55:27.615892,0 days 00:00:03.132708,0.7305199984244961,88,0.020024605135353292,4,17,0.006649734709330527,847,45,3.408232282681716,15.22222724682657,2.8249781002178658,0.8582999951553372,0.8765554121601449,0.8679783735108013,COMPLETE
64,0.8658912078281051,2025-12-31 20:55:27.617887,2025-12-31 20:55:31.110221,0 days 00:00:03.492334,0.7594193243875971,88,0.020168788226247344,5,46,0.007141841270498684,823,34,1.5334740083372653,35.09944758812455,2.812219128102457,0.8547992494549632,0.8680250238368117,,COMPLETE
65,0.8659244348990185,2025-12-31 20:55:31.112262,2025-12-31 20:55:34.964457,0 days 00:00:03.852195,0.7603712118373579,84,0.01952755287398453,5,46,0.002587623610848155,753,47,1.0735397165652254,34.29396030301841,2.8433516613628833,0.8088427140367892,0.8681336739509395,,COMPLETE
66,0.8735782184511369,2025-12-31 20:55:34.966456,2025-12-31 20:55:36.785998,0 days 00:00:01.819542,0.7937491273582988,82,0.01940911178726501,6,17,0.006210920293192251,805,44,0.47980712058050473,15.561290391982428,2.8110917636243107,0.8052350987608184,0.8735782184511369,,PRUNED
67,0.8664488447573462,2025-12-31 20:55:36.788155,2025-12-31 20:55:39.618937,0 days 00:00:02.830782,0.7275803454894498,84,0.03377029551496824,5,45,0.002398948649192978,745,25,0.28792988941677244,56.17857927368227,3.3637087946767124,0.7917773472969618,0.8778917182729628,0.8684599252631681,COMPLETE
68,0.8657053288516916,2025-12-31 20:55:39.620407,2025-12-31 20:55:41.325054,0 days 00:00:01.704647,0.7300037455489837,84,0.058422955424426846,5,47,0.002983169075591259,740,17,1.0361319457851927,37.528549143057575,4.50858854279107,0.7478627764174618,0.8675774816769558,,COMPLETE
69,0.8672978806907379,2025-12-31 20:55:41.328045,2025-12-31 20:55:43.033848,0 days 00:00:01.705803,0.7315409267258464,80,0.05040230237290354,6,49,0.002709125022462176,518,17,1.0943977339377677,37.12905050797612,4.477757112753442,0.709449590423164,0.8672978806907379,,PRUNED
70,0.8672924632335237,2025-12-31 20:55:43.035843,2025-12-31 20:55:45.340841,0 days 00:00:02.304998,0.7210238246852826,84,0.032442641970209,5,43,0.004228165168721838,745,32,0.7745476804173298,87.08474317242565,6.296673441378653,0.7375786213869345,0.8672924632335237,,PRUNED
71,0.8660607140449385,2025-12-31 20:55:45.343832,2025-12-31 20:55:47.452164,0 days 00:00:02.108332,0.7655375828666362,88,0.060059755624940855,5,38,0.0013284156690343666,854,25,1.5441939991622513,59.54622953271303,3.3336626475581643,0.7757183999537374,0.8779242230162476,0.868373245947742,COMPLETE
72,0.8658861515347054,2025-12-31 20:55:47.453161,2025-12-31 20:55:49.342427,0 days 00:00:01.889266,0.7768616381881296,88,0.058253570044730134,5,36,0.0014942663074650072,856,25,1.569887426717091,57.97203509995572,3.3344783051345543,0.753196707668436,0.8677652868603788,,COMPLETE
73,0.8659444192967418,2025-12-31 20:55:49.344428,2025-12-31 20:55:52.277428,0 days 00:00:02.933000,0.7740724542808209,88,0.02575714571471883,5,36,0.0013689029353396098,874,34,1.70233724655627,61.70565126448813,3.411865343385419,0.7766256312260941,0.8678919951652204,,COMPLETE
74,0.8674980256378153,2025-12-31 20:55:52.279423,2025-12-31 20:55:54.817466,0 days 00:00:02.538043,0.823048145008288,88,0.024392913970668766,5,34,0.0013854753503325676,603,27,1.418154139593415,56.19472745873058,3.285715126957104,0.7812971708268598,0.8768888867486588,0.8674980256378153,PRUNED
75,0.8659966676618737,2025-12-31 20:55:54.819569,2025-12-31 20:55:56.252639,0 days 00:00:01.433070,0.7754286836646549,85,0.11648977866787341,5,36,0.0010184625017090965,929,52,0.6296807851003626,59.17505796971173,3.9322199567774083,0.7682469422542478,0.8774432732035711,0.8678053158497944,COMPLETE
76,0.8655707351369053,2025-12-31 20:55:56.254633,2025-12-31 20:55:57.541011,0 days 00:00:01.286378,0.7472108274965814,82,0.11906730946189376,5,42,0.0021487162531303723,954,56,0.5903240838377376,77.58058537949978,4.0675043798168655,0.7935254433130134,0.867361084358236,,COMPLETE
77,0.8756512987450762,2025-12-31 20:55:57.544004,2025-12-31 20:55:58.442444,0 days 00:00:00.898440,0.7953214739737703,85,0.04284625020718733,6,28,0.0012533525958171162,686,36,0.24533737724163063,68.17629764726004,5.133305420642085,0.7686417136745906,0.8756512987450762,,PRUNED
78,0.8664067089790141,2025-12-31 20:55:58.444659,2025-12-31 20:55:59.342769,0 days 00:00:00.898110,0.7589205375570327,81,0.17363233729266123,5,57,0.0024516209507035344,915,49,0.773945120425609,53.59514011758998,3.761747841761746,0.7208611644142436,0.8664067089790141,,PRUNED
79,0.8731351908389595,2025-12-31 20:55:59.344854,2025-12-31 20:56:00.149704,0 days 00:00:00.804850,0.9886411193264656,77,0.07188632612492803,6,184,0.003518051354604689,1014,66,0.12888243031466903,36.76741381704589,5.730534725107324,0.7769841878413922,0.8731351908389595,,PRUNED
80,0.8671940460941336,2025-12-31 20:56:00.150702,2025-12-31 20:56:02.300632,0 days 00:00:02.149930,0.7718035478821953,86,0.03486205184389132,5,37,0.0010329848983569418,795,38,0.32678350962060604,21.710379573741676,3.08914706023452,0.8170776019204629,0.8759390259171153,0.8671940460941336,PRUNED
81,0.8664849611387737,2025-12-31 20:56:02.302627,2025-12-31 20:56:04.124381,0 days 00:00:01.821754,0.7782116269371443,89,0.06382854341501652,5,37,0.0014358357886196892,832,25,1.642015504289139,61.37305872131602,3.3828467171456666,0.7558140176476572,0.8781445329429555,0.8684773815141914,COMPLETE
82,0.866854311332839,2025-12-31 20:56:04.126375,2025-12-31 20:56:05.934277,0 days 00:00:01.807902,0.7790302287844024,89,0.08572994411154859,5,54,0.001918265998930167,556,24,2.4657642548321532,94.5554412948012,3.5945151516115,0.7412547300608282,0.8686970895012087,,COMPLETE
83,0.8664697922585741,2025-12-31 20:56:05.937518,2025-12-31 20:56:07.552577,0 days 00:00:01.615059,0.7827450721911628,90,0.10054809619288758,5,53,0.0019482508190352124,545,27,2.4265754705593476,94.68165597099033,3.4415839358096703,0.7347998080278001,0.8780277566430065,0.8682621880748524,COMPLETE
84,0.8675723651895869,2025-12-31 20:56:07.554571,2025-12-31 20:56:08.885118,0 days 00:00:01.330547,0.807202923212557,90,0.08907880201950169,5,55,0.001997810262760333,550,22,2.3823555926694544,98.50516317269008,3.454054407609206,0.6957609376038304,0.877120031589795,0.8675723651895869,PRUNED
85,0.8659607920563224,2025-12-31 20:56:08.887113,2025-12-31 20:56:10.450579,0 days 00:00:01.563466,0.8324664023245717,89,0.10443672475347247,5,40,0.0010044145141338663,612,42,1.7329170908445748,62.78310605204473,4.221701404939833,0.7242481364618971,0.8676936560372143,,COMPLETE
86,0.8659585648794677,2025-12-31 20:56:10.452614,2025-12-31 20:56:11.750426,0 days 00:00:01.297812,0.8580711144797518,92,0.13722893638597086,6,19,0.0010332092939846576,569,40,1.8178588819834376,63.410528154148516,4.247298199469805,0.737609483521502,0.8659585648794677,,PRUNED
87,0.8675338410493975,2025-12-31 20:56:11.752422,2025-12-31 20:56:12.995482,0 days 00:00:01.243060,0.8319740336258626,89,0.10737055781322238,5,53,0.0014356261593469982,639,22,2.5156197119915533,46.075108119377184,3.7941244155509195,0.6949653106002925,0.8775173117854975,0.8675338410493975,PRUNED
88,0.8661620204948427,2025-12-31 20:56:12.997995,2025-12-31 20:56:14.027814,0 days 00:00:01.029819,0.8147328422710997,90,0.2717630112445944,5,22,0.001286107185822175,693,56,0.7224755996153185,76.13546387233293,4.940333901498847,0.7238494397076414,0.8661620204948427,,PRUNED
89,0.8666820963873987,2025-12-31 20:56:14.030229,2025-12-31 20:56:15.623065,0 days 00:00:01.592836,0.8909666200889286,87,0.06635582925334804,6,39,0.0018183458276278004,2312,29,0.9601589599000101,51.63257591799862,4.769313376946601,0.7600375282842647,0.8764278009457676,0.8666820963873987,PRUNED
90,0.8673394145293795,2025-12-31 20:56:15.626056,2025-12-31 20:56:17.032200,0 days 00:00:01.406144,0.841342869176361,93,0.09840901973824881,5,28,0.0015776402186125041,536,64,1.8739767440529242,64.96365804000983,4.293503253789259,0.7383403280141287,0.877394516088644,0.8673394145293795,PRUNED
91,0.8657204977318912,2025-12-31 20:56:17.034218,2025-12-31 20:56:18.588660,0 days 00:00:01.554442,0.785936612436858,83,0.11502150489730786,5,50,0.0024547600566077713,748,49,1.1549965977134544,78.03662441673254,2.4466141894502345,0.7739981735179833,0.8772994096175516,0.8678053158497944,COMPLETE
92,0.8671079687183981,2025-12-31 20:56:18.590655,2025-12-31 20:56:19.968489,0 days 00:00:01.377834,0.7797060456639253,85,0.08607377741105048,5,34,0.001987234609047889,629,43,0.6001669572605497,39.78668171621306,2.949185482801102,0.795333896913204,0.8671079687183981,,PRUNED
93,0.8660705256618928,2025-12-31 20:56:19.969490,2025-12-31 20:56:20.945037,0 days 00:00:00.975547,0.7674751273409104,89,0.13005914472024674,5,43,0.0010099909725201487,704,23,0.9086539338465913,28.06759160056204,3.479904571350351,0.7444797242321682,0.8660705256618928,,PRUNED
94,0.8664654582928029,2025-12-31 20:56:20.947603,2025-12-31 20:56:22.056146,0 days 00:00:01.108543,0.7948658171750076,66,0.16514653439551188,5,40,0.0030690687907465033,765,35,0.4501376227523105,96.42744611821374,3.1606419144325297,0.758363445279581,0.8789342778168371,0.8679672376265277,COMPLETE
95,0.8655252284963064,2025-12-31 20:56:22.058461,2025-12-31 20:56:23.136240,0 days 00:00:01.077779,0.7962442574720877,66,0.17302414480614545,5,31,2.9468642538442222,505,16,0.40967967974890995,95.7756612881703,3.987720474991278,0.7622076694334368,0.8673791425489497,,COMPLETE
96,0.8668888626710713,2025-12-31 20:56:23.138235,2025-12-31 20:56:23.966625,0 days 00:00:00.828390,0.8194435287929949,54,0.15867849210503024,5,39,0.003203851263380889,885,34,3.219044806031193,45.694844235894735,2.6525759673687497,0.7875215697709159,0.8766685768219511,0.8668888626710713,PRUNED
97,0.875035514441737,2025-12-31 20:56:23.967622,2025-12-31 20:56:24.439207,0 days 00:00:00.471585,0.8026441433287631,60,0.2266526745085432,9,61,0.0017533398842122542,596,39,0.49943981611145866,62.614973922842566,9.987897174381414,0.7277390002402115,0.875035514441737,,PRUNED
98,0.8670748620354229,2025-12-31 20:56:24.442199,2025-12-31 20:56:26.031470,0 days 00:00:01.589271,0.7930748761339725,92,0.0671405822021009,6,25,0.001307856596359775,793,53,0.1846048514203354,80.22379243382211,3.2473086986708712,0.7529621017506353,0.8670748620354229,,PRUNED
99,0.8658928932592385,2025-12-31 20:56:26.033465,2025-12-31 20:56:27.887108,0 days 00:00:01.853643,0.7418092391738298,63,0.049955367111015156,5,52,0.0038569164279039555,1093,28,1.7148486438493273,51.081045977558794,3.6315457525607973,0.7749969592232738,0.8775377777349732,0.8680665576754534,COMPLETE
100,0.8749024857701457,2025-12-31 20:56:27.889103,2025-12-31 20:56:28.436450,0 days 00:00:00.547347,0.829418127826082,71,0.19885128618517803,5,13,0.0051350350372942125,1008,22,0.06702425145267824,18.93966487429857,3.0565921917949277,0.7667153012231258,0.8749024857701457,,PRUNED
101,0.8663111209561691,2025-12-31 20:56:28.438445,2025-12-31 20:56:30.169989,0 days 00:00:01.731544,0.776623659802387,87,0.08079996337804711,5,43,0.0026273796032056053,656,49,1.2073347294170043,98.27719459344135,3.7528511380229252,0.7866193191086737,0.8776304764473037,0.8680307422638711,COMPLETE
102,0.8660510830098911,2025-12-31 20:56:30.172127,2025-12-31 20:56:31.719787,0 days 00:00:01.547660,0.778380639210726,87,0.09794225799338625,5,41,0.0021917801921386743,688,32,1.3089703795401495,85.13435968256134,3.899089258639174,0.789142476400826,0.8678360147740077,,COMPLETE
103,0.8663833537190241,2025-12-31 20:56:31.721782,2025-12-31 20:56:33.467661,0 days 00:00:01.745879,0.7796983280670561,87,0.08246571769157977,5,43,0.0023321729255720487,653,41,1.2964334285246335,89.98463731593262,3.8179647619563695,0.7868948537345031,0.8773150600495035,0.8682703142606736,COMPLETE
104,0.86638046440851,2025-12-31 20:56:33.469656,2025-12-31 20:56:35.107007,0 days 00:00:01.637351,0.7847473320486712,85,0.07970986470283961,5,44,0.0029138086299944706,689,71,0.0010630311263757101,95.80234462394115,3.8101845666734553,0.7958882285182685,0.8682534599493408,,COMPLETE
105,0.865756854889195,2025-12-31 20:56:35.109724,2025-12-31 20:56:37.022741,0 days 00:00:01.913017,0.7885528000257281,87,0.08149147445023307,5,44,0.0030312513404905776,715,72,1.3680788762138072,99.13036656789703,3.6826483664009606,0.8018185203972432,0.8676154038774547,,COMPLETE
106,0.8665740482129614,2025-12-31 20:56:37.024736,2025-12-31 20:56:38.827065,0 days 00:00:01.802329,0.7646544903918632,74,0.06773027973411455,5,50,0.0022329716512796546,659,62,2.759316680725498,81.8448351554594,3.1159821235409697,0.7863594371312084,0.878556259691229,0.8687151476919224,COMPLETE
107,0.8665410619179242,2025-12-31 20:56:38.829061,2025-12-31 20:56:40.584085,0 days 00:00:01.755024,0.807923219239437,73,0.0652116884235359,5,50,0.002334980540101395,653,61,0.00341431037740443,78.33173092221695,3.1374653142378066,0.7883706215430626,0.8685342648149397,,COMPLETE
108,0.867349346534272,2025-12-31 20:56:40.585162,2025-12-31 20:56:41.910250,0 days 00:00:01.325088,0.8103577101128672,68,0.06720644929659494,6,50,0.0035042362821588826,560,60,0.0015953108214858496,77.03804761451774,2.6358677964790735,0.8169193138406078,0.8767672949311862,0.867349346534272,PRUNED
109,0.8664404176016797,2025-12-31 20:56:41.912436,2025-12-31 20:56:43.819757,0 days 00:00:01.907321,0.7499544438522439,74,0.05333694983004747,5,56,0.004394104745813364,644,70,0.003045123490558815,85.50044651773702,3.1269855923427077,0.7985584494963374,0.8778507863740116,0.8684241098515858,COMPLETE
110,0.866763779603394,2025-12-31 20:56:43.821136,2025-12-31 20:56:45.468159,0 days 00:00:01.647023,0.7473374222281938,73,0.0799059625955187,5,66,0.004246786447603997,649,90,0.0021865715710811967,84.65335137681107,3.134867973494706,0.7961896268937061,0.8781565717367646,0.868841855996764,COMPLETE
111,0.8670281515154434,2025-12-31 20:56:45.470166,2025-12-31 20:56:47.190812,0 days 00:00:01.720646,0.751933847977377,73,0.07536878912888248,5,59,0.004579615133130554,652,82,0.0024935323644191703,84.97107096585827,3.0742724365966536,0.7999212004193511,0.8788187053962689,0.869178039313885,COMPLETE
112,0.866397559495719,2025-12-31 20:56:47.192044,2025-12-31 20:56:49.240424,0 days 00:00:02.048380,0.7559485033763431,73,0.05290927936291887,5,66,0.0057477649636120155,650,85,0.0024416306748816117,72.24357250126572,3.0186097457014096,0.7978692442333388,0.8779398734481996,0.8684605272028585,COMPLETE
113,0.8665285415723627,2025-12-31 20:56:49.242583,2025-12-31 20:56:51.544902,0 days 00:00:02.302319,0.7479247982582888,75,0.041917643839887705,8,58,0.004451050512633593,501,99,0.0025395030489345632,74.9767485735274,2.9959596252403475,0.8019545609545046,0.8688463705444424,,COMPLETE
114,0.8659114330017047,2025-12-31 20:56:51.546963,2025-12-31 20:56:53.937163,0 days 00:00:02.390200,0.7520290580755402,75,0.03921672861578331,8,67,0.009005480327578952,580,84,0.0027664762422403132,74.51697740325817,3.1292070727395274,0.8301606613986595,0.8771067889166049,0.868192062100914,COMPLETE
115,0.8768178578651847,2025-12-31 20:56:53.940161,2025-12-31 20:56:54.825093,0 days 00:00:00.884932,0.7471476355923122,73,0.05274662847772955,9,60,0.004650641170871922,534,93,0.0024894834038915637,43.48491311211384,2.431245642937603,0.7996590221050739,0.8768178578651847,,PRUNED
116,0.8677959857845923,2025-12-31 20:56:54.827087,2025-12-31 20:56:56.803899,0 days 00:00:01.976812,0.7370645875366502,74,0.044465451858404045,8,64,0.006235811735021325,500,85,0.003978989549433657,70.44707354071579,2.9080830402817597,0.8141412691968893,0.8770730802939393,0.8677959857845923,PRUNED
117,0.865464312199632,2025-12-31 20:56:56.805333,2025-12-31 20:56:59.209259,0 days 00:00:02.403926,0.7155187937088713,70,0.05486046401651929,10,56,0.005634362510096801,775,95,0.0018675894578051482,80.75459299756575,2.6824779792385907,0.8036594220765788,0.8677755198351167,,COMPLETE
118,0.8754887750286524,2025-12-31 20:56:59.211277,2025-12-31 20:57:00.271450,0 days 00:00:01.060173,0.7543746521002513,76,0.0634190471656892,7,62,0.0037162436287926826,619,99,0.0046427963829028945,47.867713969382635,3.19132440084879,0.7577191692583791,0.8754887750286524,,PRUNED
119,0.8621163838352708,2025-12-31 20:57:00.273802,2025-12-31 20:57:01.839462,0 days 00:00:01.565660,0.7366472043586282,73,0.04732305015535066,7,73,0.004347157590149906,578,103,0.001999305087950637,0.01588250870322101,3.5230570315317116,0.7484433824829306,0.8621163838352708,,PRUNED
120,0.8657604665273377,2025-12-31 20:57:01.841572,2025-12-31 20:57:03.925648,0 days 00:00:02.084076,0.764739098365005,74,0.04159978544047825,5,56,0.0077169836159188205,736,81,0.003426556540695767,41.679329344989235,2.123623462816028,0.8246823851808558,0.877265700994886,0.8680190044399072,COMPLETE
121,0.8667681135691652,2025-12-31 20:57:03.927724,2025-12-31 20:57:05.550977,0 days 00:00:01.623253,0.767572928645556,72,0.07417062507342873,5,68,0.0022473471678529163,647,87,0.008304829991452203,79.14723342136539,3.007294069796684,0.7803349580488025,0.8784202213211854,0.8687891862738488,COMPLETE
122,0.8665579162292572,2025-12-31 20:57:05.552972,2025-12-31 20:57:07.127124,0 days 00:00:01.574152,0.7497359983568711,72,0.06976886864671647,5,77,0.0017436210381466645,651,90,0.0013551224402397711,67.8249347330608,3.0141120702975,0.784489183367824,0.8686486333561269,,COMPLETE
123,0.8664168215658137,2025-12-31 20:57:07.129247,2025-12-31 20:57:08.593207,0 days 00:00:01.463960,0.7438509606009429,72,0.07452664038005363,5,69,0.0017009463024236396,810,89,0.0016170164330861607,52.297913511529316,3.1573179425971407,0.782355137754506,0.8684713621172868,,COMPLETE
124,0.8671233181805048,2025-12-31 20:57:08.594208,2025-12-31 20:57:09.729433,0 days 00:00:01.135225,0.7678143563481804,71,0.09438629483566018,5,76,0.0019756776274412547,584,68,0.005460975389790764,30.262527797585015,2.9138347562884706,0.8088502033962875,0.8671233181805048,,PRUNED
125,0.8668025445194596,2025-12-31 20:57:09.730430,2025-12-31 20:57:11.404379,0 days 00:00:01.673949,0.7478958907882842,69,0.07201405939229845,5,53,0.002656142122302746,729,118,0.005935346244995284,67.31303777899932,2.726758752407927,0.7698974381351644,0.8778700484441062,0.8686612740896265,COMPLETE
126,0.8660094287833113,2025-12-31 20:57:11.405384,2025-12-31 20:57:12.954067,0 days 00:00:01.548683,0.7283304820848246,67,0.07355715360854967,5,51,0.002306396018499241,2706,119,0.006817933812725782,63.313888345301585,2.7389429774934135,0.7695133843433036,0.8780482225924819,0.8680316451734068,COMPLETE
127,0.8769057410599918,2025-12-31 20:57:12.956063,2025-12-31 20:57:14.016080,0 days 00:00:01.060017,0.8031973630434268,70,0.06225657808022916,8,59,0.002932107580694765,759,111,0.024559039818097553,52.91804645902973,2.5512115657885754,0.75841837887785,0.8769057410599918,,PRUNED
128,0.8765734703508586,2025-12-31 20:57:14.017092,2025-12-31 20:57:14.653373,0 days 00:00:00.636281,0.7911004378059906,69,0.14954018947515085,5,79,0.0015921987681936564,500,102,0.0013024167191371078,70.46247666889886,2.3159000329154904,0.7113473898302486,0.8765734703508586,,PRUNED
129,0.8674303074226388,2025-12-31 20:57:14.655767,2025-12-31 20:57:15.851935,0 days 00:00:01.196168,0.7636841286295631,66,0.09006750600102115,6,47,0.0033709189884509206,709,116,0.002155033023186183,36.8910117696388,3.328907366960786,0.7419749226108656,0.8674303074226388,,PRUNED
130,0.8667678727932892,2025-12-31 20:57:15.853175,2025-12-31 20:57:17.140376,0 days 00:00:01.287201,0.7430961472616869,76,0.1284353913900592,5,61,8.207357714317439,831,91,0.001337213293792436,99.93572923161864,3.517219885120023,0.6105974253411843,0.8784816191696121,0.8690079913513306,COMPLETE
131,0.8663436256994539,2025-12-31 20:57:17.142738,2025-12-31 20:57:18.539153,0 days 00:00:01.396415,0.7399802325614662,76,0.11722842132706279,5,62,0.7053977780816292,824,76,0.0013479802322391536,81.41426746924513,3.503871916658145,0.7818192857403837,0.8679895093950746,,COMPLETE
132,0.8667546301200991,2025-12-31 20:57:18.541148,2025-12-31 20:57:19.849662,0 days 00:00:01.308514,0.748277753014485,72,0.13123242977999286,5,53,4.350463948577809,566,91,0.010882846638022546,97.56158981346992,2.9800203790405804,0.6357146293551071,0.8786182594793462,0.8685550317342605,COMPLETE
133,0.8674856858741608,2025-12-31 20:57:19.851681,2025-12-31 20:57:21.115438,0 days 00:00:01.263757,0.7519765149375207,72,0.13297919230967678,5,69,8.413804816738077,554,89,0.008823152427922747,85.12979130548406,2.9579190725345486,0.6415372360208003,0.8674856858741608,,PRUNED
134,0.8679016262002679,2025-12-31 20:57:21.117435,2025-12-31 20:57:22.065949,0 days 00:00:00.948514,0.7711849887682716,71,0.18972968867941317,5,53,4.12570574988201,643,108,0.013640492271741847,67.40528177024652,2.742205677446499,0.6099401372257106,0.8777568837823002,0.8679016262002679,PRUNED
135,0.8667803931388507,2025-12-31 20:57:22.068942,2025-12-31 20:57:23.148248,0 days 00:00:01.079306,0.760772599364902,69,0.23085192782550978,5,59,6.092715093359515,598,124,0.006618774165294923,95.36175773387995,2.4787768519535165,0.7329411867836009,0.8684746727855843,,COMPLETE
136,0.866405505099633,2025-12-31 20:57:23.150263,2025-12-31 20:57:24.476612,0 days 00:00:01.326349,0.7596897637705909,69,0.10335175578907546,5,59,4.330965735451425,597,96,0.006316142515460342,97.68368987969613,2.513306741412748,0.63257095771447,0.8685405851816894,,COMPLETE
137,0.8667445175332993,2025-12-31 20:57:24.478835,2025-12-31 20:57:26.067468,0 days 00:00:01.588633,0.7465992886507896,76,0.09052481480717127,5,66,1.2595627873796358,547,104,0.004266101845146974,59.40046275706613,2.4295101366721594,0.6031189136432554,0.8786212691777986,0.8687094292648632,COMPLETE
138,0.865951161021275,2025-12-31 20:57:26.069813,2025-12-31 20:57:27.860698,0 days 00:00:01.790885,0.7443005774650431,77,0.06994627748005064,5,73,5.567550945754073,678,119,0.0040115064807760975,58.414145637035226,2.0901496913009106,0.628815885714053,0.8680785964692626,,COMPLETE
139,0.8661991601737439,2025-12-31 20:57:27.862694,2025-12-31 20:57:29.456786,0 days 00:00:01.594092,0.7347795857477774,79,0.08843165110074958,5,65,9.69060799067642,500,105,0.011799624371109815,44.41164251478995,2.351747060562477,0.6046549907842282,0.8679539949533376,,COMPLETE
140,0.8764904026735753,2025-12-31 20:57:29.458008,2025-12-31 20:57:30.109372,0 days 00:00:00.651364,0.7119614916999265,75,0.1244894765475235,7,69,1.6599432985131017,617,99,0.008408768322986615,69.0041126811265,2.5023404157908575,0.6187039031220938,0.8764904026735753,,PRUNED
141,0.865829328427926,2025-12-31 20:57:30.110369,2025-12-31 20:57:31.341080,0 days 00:00:01.230711,0.7552939237024338,72,0.10479405947318543,5,63,8.124309223600505,568,92,0.005209630893108452,82.52310153905428,2.849715017556041,0.6808262260823812,0.8677381995743082,,COMPLETE
142,0.8665145765715442,2025-12-31 20:57:31.343452,2025-12-31 20:57:33.307447,0 days 00:00:01.963995,0.7666878796558501,76,0.07300056265544035,5,54,6.085188001690248,535,111,0.0032669499643666338,99.9136949497683,3.0006691204885914,0.7152988872866761,0.8775726902370198,0.8684367505850854,COMPLETE
143,0.866156061291907,2025-12-31 20:57:33.309442,2025-12-31 20:57:35.006303,0 days 00:00:01.696861,0.7219038589823679,76,0.0745957013439302,5,59,6.059414948408294,685,109,0.0016965854564370433,54.395299557047935,2.9538427015180075,0.6181445000158207,0.8773981277267868,0.8682068096233302,COMPLETE
144,0.8676229281235854,2025-12-31 20:57:35.007301,2025-12-31 20:57:35.874629,0 days 00:00:00.867328,0.7450665585692007,74,0.22147022772651553,5,50,7.244339288781451,607,80,0.0032753794028642217,59.37193603116087,2.7231848917708965,0.6003467470644162,0.8676229281235854,,PRUNED
145,0.8659075805876858,2025-12-31 20:57:35.876624,2025-12-31 20:57:37.555878,0 days 00:00:01.679254,0.766670334494217,68,0.05960205371190645,5,75,3.856751225180847,544,112,0.004344988762274628,74.13095867845583,2.335896382132351,0.6480623105836643,0.8680737809517389,,COMPLETE
146,0.8772295846134585,2025-12-31 20:57:37.557933,2025-12-31 20:57:38.411816,0 days 00:00:00.853883,0.9343573422685341,78,0.06707543925510161,5,55,3.000614319803534,732,98,0.0068679456534769395,68.75069476059326,3.2907490831093957,0.6086332628466775,0.8772295846134585,,PRUNED
147,0.866423804066223,2025-12-31 20:57:38.413314,2025-12-31 20:57:39.928693,0 days 00:00:01.515379,0.7611328190772144,73,0.08910290106508034,5,63,1.2946967031211492,647,124,0.0010635294400976115,47.201538953142226,2.5474633750718594,0.6361234892689438,0.868301013184887,,COMPLETE
148,0.874432972811588,2025-12-31 20:57:39.930808,2025-12-31 20:57:40.636654,0 days 00:00:00.705846,0.7353702843548936,71,0.2586776606987957,9,49,2.567178488216452,1917,89,0.003547344768933943,99.08228267300242,3.0321238400564465,0.6491864740312056,0.874432972811588,,PRUNED
149,0.876778731785305,2025-12-31 20:57:40.638908,2025-12-31 20:57:41.257977,0 days 00:00:00.619069,0.7492819079429567,75,0.1491292745155706,5,80,4.819152949447584,547,127,0.002387091859251513,75.92964166460334,3.5925483391488755,0.6612945720896165,0.876778731785305,,PRUNED
