number,value,datetime_start,datetime_complete,duration,params_base_max_depth,params_base_max_features,params_base_min_samples_leaf,params_base_min_samples_split,params_learning_rate,params_minibatch_frac,params_n_estimators,state
0,0.8648366094904218,2026-02-23 20:27:59.936208,2026-02-23 20:29:23.824260,0 days 00:01:23.888052,6,0.5869508941279964,15,20,0.005011971183406987,0.6352982313850575,1319,COMPLETE
1,0.8642390037657348,2026-02-23 20:29:23.825262,2026-02-23 20:30:20.004822,0 days 00:00:56.179560,4,0.7281207923045068,27,35,0.005339276944039102,0.5716432089093513,1206,COMPLETE
2,0.8611642958268725,2026-02-23 20:30:20.004822,2026-02-23 20:30:43.094176,0 days 00:00:23.089354,6,0.7709858950249568,46,50,0.0010209218864063129,0.6096516995907411,388,COMPLETE
3,0.8591899336421687,2026-02-23 20:30:43.096221,2026-02-23 20:32:13.835111,0 days 00:01:30.738890,7,0.4114604868290246,3,46,0.012398391486377475,0.9817588741512375,1336,COMPLETE
4,0.8570417312748603,2026-02-23 20:32:13.836548,2026-02-23 20:33:11.768510,0 days 00:00:57.931962,5,0.823946899803213,32,33,0.036669762299361024,0.8886097804218417,731,COMPLETE
5,0.8702482880835203,2026-02-23 20:33:11.770922,2026-02-23 20:33:28.919392,0 days 00:00:17.148470,5,0.7774179288484327,47,18,0.01641082884617572,0.8053642991864045,1162,PRUNED
6,0.8586621529215744,2026-02-23 20:33:28.920408,2026-02-23 20:34:15.279117,0 days 00:00:46.358709,9,0.5622346769011514,9,38,0.042319666571921044,0.8474074331859093,1443,PRUNED
7,0.857581069237511,2026-02-23 20:34:15.281410,2026-02-23 20:34:27.640407,0 days 00:00:12.358997,10,0.5820789739281179,33,20,0.010505232387052438,0.9988248139295686,569,PRUNED
8,0.8642987161830282,2026-02-23 20:34:27.641435,2026-02-23 20:34:44.723369,0 days 00:00:17.081934,7,0.7344474101808545,47,4,0.017914726007585948,0.6086732192532442,1328,PRUNED
9,0.8647415030193294,2026-02-23 20:34:44.725538,2026-02-23 20:35:24.422378,0 days 00:00:39.696840,4,0.939194103301778,34,35,0.006314257471212874,0.9324745071869741,511,COMPLETE
10,0.8720950390538471,2026-02-23 20:35:24.423711,2026-02-23 20:35:37.168748,0 days 00:00:12.745037,8,0.5694415757113768,15,6,0.0021168343880327086,0.7284292257326895,950,PRUNED
11,0.8653215321050552,2026-02-23 20:35:37.170753,2026-02-23 20:36:37.161089,0 days 00:00:59.990336,4,0.9947194305040918,19,25,0.003710677531786819,0.7185013874469576,970,COMPLETE
12,0.8748278452485289,2026-02-23 20:36:37.162125,2026-02-23 20:36:52.007912,0 days 00:00:14.845787,6,0.9970551227212722,20,21,0.0029936702301412415,0.7121925812169692,967,PRUNED
13,0.8566998295306798,2026-02-23 20:36:52.009907,2026-02-23 20:37:22.172191,0 days 00:00:30.162284,5,0.6372190248267326,16,12,0.09349529824124685,0.6740275754929026,1085,PRUNED
14,0.8720709614662288,2026-02-23 20:37:22.173194,2026-02-23 20:37:30.125245,0 days 00:00:07.952051,6,0.40893402665347933,23,27,0.0031142434968560043,0.7772083081824877,770,PRUNED
15,0.8738695572613189,2026-02-23 20:37:30.126280,2026-02-23 20:37:37.696935,0 days 00:00:07.570655,4,0.8745181002907296,9,27,0.0012616581380564518,0.5054218160753748,838,PRUNED
16,0.872706609779353,2026-02-23 20:37:37.698113,2026-02-23 20:37:54.191451,0 days 00:00:16.493338,8,0.48809841744662286,1,13,0.005366945415337143,0.6560214629979148,1453,PRUNED
17,0.8665697142471901,2026-02-23 20:37:54.192864,2026-02-23 20:38:40.144691,0 days 00:00:45.951827,5,0.6530269676054823,11,13,0.0020649090953600967,0.5117814605951911,1056,COMPLETE
18,0.8666737294257014,2026-02-23 20:38:40.146780,2026-02-23 20:39:30.796817,0 days 00:00:50.650037,5,0.6906236789704983,9,11,0.00206268752679386,0.536419883948452,1046,COMPLETE
19,0.8666303897679886,2026-02-23 20:39:30.798822,2026-02-23 20:40:18.331907,0 days 00:00:47.533085,5,0.6541183954457879,9,10,0.001801737435601451,0.5220614377471918,1084,COMPLETE
20,0.8742499831456887,2026-02-23 20:40:18.333259,2026-02-23 20:40:33.482973,0 days 00:00:15.149714,8,0.6699640304744688,5,8,0.0018267294534851362,0.5519360694917423,1192,PRUNED
21,0.866698288565072,2026-02-23 20:40:33.482973,2026-02-23 20:41:23.570239,0 days 00:00:50.087266,5,0.6762129571111113,8,14,0.0016532001584935892,0.5024089121150827,1087,COMPLETE
22,0.8775823212720671,2026-02-23 20:41:23.571276,2026-02-23 20:41:34.347374,0 days 00:00:10.776098,5,0.6733544929340389,8,2,0.0014352309464380172,0.5574245209354858,1062,PRUNED
23,0.8768599936435169,2026-02-23 20:41:34.348523,2026-02-23 20:41:41.300746,0 days 00:00:06.952223,6,0.504653397369495,12,9,0.00245635566489193,0.5022795446923735,794,PRUNED
24,0.8767853531219001,2026-02-23 20:41:41.300746,2026-02-23 20:41:47.466170,0 days 00:00:06.165424,5,0.6261401050776847,5,16,0.0015803186187800739,0.5652464910894187,654,PRUNED
25,0.8769514884764665,2026-02-23 20:41:47.467175,2026-02-23 20:42:00.854475,0 days 00:00:13.387300,7,0.7197696214404642,1,10,0.0011934406838080664,0.5423260820578908,1144,PRUNED
26,0.8660539723204053,2026-02-23 20:42:00.855476,2026-02-23 20:42:43.267349,0 days 00:00:42.411873,4,0.790446361897764,27,15,0.0038518014478736633,0.6085621339088794,864,COMPLETE
27,0.8746063314424402,2026-02-23 20:42:43.268855,2026-02-23 20:42:56.738866,0 days 00:00:13.470011,5,0.8366599986799228,6,6,0.007674489406488454,0.5844416545962188,1257,PRUNED
28,0.8776786316225406,2026-02-23 20:42:56.739870,2026-02-23 20:43:06.265213,0 days 00:00:09.525343,7,0.5198389695595134,40,2,0.0023984849884970626,0.5291745304140619,1031,PRUNED
29,0.8766071789735244,2026-02-23 20:43:06.265213,2026-02-23 20:43:17.615091,0 days 00:00:11.349878,6,0.696116270591295,14,22,0.0037573456225003486,0.6712538697034394,912,PRUNED
30,0.8665880132137801,2026-02-23 20:43:17.616389,2026-02-23 20:44:16.904962,0 days 00:00:59.288573,6,0.6136386380752341,18,15,0.0016278962888158237,0.6137905559823049,1105,COMPLETE
31,0.8667026225308433,2026-02-23 20:44:16.906341,2026-02-23 20:45:18.436980,0 days 00:01:01.530639,6,0.6167902475475304,17,18,0.0016322211587762347,0.6257955492461594,1112,COMPLETE
32,0.8766457031137136,2026-02-23 20:45:18.438449,2026-02-23 20:45:31.417632,0 days 00:00:12.979183,5,0.697468509676406,13,17,0.0010067895195717482,0.5800856539510145,1250,PRUNED
33,0.8782926101068084,2026-02-23 20:45:31.418722,2026-02-23 20:45:44.388225,0 days 00:00:12.969503,6,0.7386316246452842,23,11,0.0025341888877222106,0.6360318742962185,1005,PRUNED
34,0.8660303762845392,2026-02-23 20:45:44.389745,2026-02-23 20:46:37.155047,0 days 00:00:52.765302,4,0.6112436142810532,10,7,0.001713829777026286,0.5344451386438149,1259,COMPLETE
35,0.8763688108561026,2026-02-23 20:46:37.156055,2026-02-23 20:46:49.301401,0 days 00:00:12.145346,5,0.5358459221205685,7,24,0.0045788086804458,0.5783815125671861,1383,PRUNED
36,0.865541601255887,2026-02-23 20:46:49.302436,2026-02-23 20:47:36.626538,0 days 00:00:47.324102,6,0.4772262848505239,16,18,0.0010113555364570045,0.5283651106938797,1137,COMPLETE
37,0.878309464418141,2026-02-23 20:47:36.627821,2026-02-23 20:47:48.657086,0 days 00:00:12.029265,4,0.7556319621177296,4,14,0.0013377490388729095,0.6359390096394673,1209,PRUNED
38,0.8658574992054395,2026-02-23 20:47:48.658434,2026-02-23 20:48:37.552286,0 days 00:00:48.893852,6,0.68176046277235,22,30,0.0030216164149897205,0.5975373280580767,877,COMPLETE
39,0.864404657568549,2026-02-23 20:48:37.553289,2026-02-23 20:48:51.336474,0 days 00:00:13.783185,7,0.45685596599947165,29,43,0.007826953914891651,0.5032328548195765,330,COMPLETE
40,0.8714569829819612,2026-02-23 20:48:51.337585,2026-02-23 20:49:08.023026,0 days 00:00:16.685441,5,0.5856105989947676,50,19,0.01912407295175637,0.8253413937020786,1397,PRUNED
41,0.8775365738555924,2026-02-23 20:49:08.024028,2026-02-23 20:49:21.031125,0 days 00:00:13.007097,6,0.6167715563645594,18,15,0.0016778163332284931,0.6912941479988547,1102,PRUNED
42,0.8776473307586367,2026-02-23 20:49:21.032310,2026-02-23 20:49:32.473999,0 days 00:00:11.441689,5,0.5561560807526081,12,11,0.0020010531533134323,0.6359463533421406,1118,PRUNED
43,0.8775654669607342,2026-02-23 20:49:32.474996,2026-02-23 20:49:45.649364,0 days 00:00:13.174368,7,0.6110552393695571,17,22,0.0013181726793558236,0.6142236450125672,1020,PRUNED
44,0.878384104939758,2026-02-23 20:49:45.650500,2026-02-23 20:49:57.886323,0 days 00:00:12.235823,6,0.6478234625048953,20,9,0.002525829931623067,0.5626314465640434,1208,PRUNED
45,0.8676527241382632,2026-02-23 20:49:57.887346,2026-02-23 20:50:15.014115,0 days 00:00:17.126769,10,0.7079793743841081,14,5,0.0016595596385096162,0.7558628405691239,931,PRUNED
46,0.8785743178819427,2026-02-23 20:50:15.015596,2026-02-23 20:50:26.513760,0 days 00:00:11.498164,5,0.5977850258776797,8,17,0.0011824480284127147,0.5279481009983343,1314,PRUNED
47,0.8661907330180775,2026-02-23 20:50:26.515966,2026-02-23 20:51:10.803752,0 days 00:00:44.287786,4,0.6483204575125983,3,20,0.0029926406464349346,0.6151694985856325,1002,COMPLETE
48,0.8747074573104372,2026-02-23 20:51:10.804949,2026-02-23 20:51:23.179959,0 days 00:00:12.375010,6,0.7785372650876583,11,12,0.004646054891330358,0.5913132919918829,1090,PRUNED
49,0.8762773160231531,2026-02-23 20:51:23.182051,2026-02-23 20:51:37.595720,0 days 00:00:14.413669,5,0.5567238969125572,25,24,0.002126497444642019,0.8924836333172756,1163,PRUNED
50,0.8663621654419201,2026-02-23 20:51:37.596755,2026-02-23 20:51:46.734403,0 days 00:00:09.137648,6,0.6607843259025163,20,15,0.026361147319184017,0.5521642487674036,967,PRUNED
51,0.8663034161281313,2026-02-23 20:51:46.734403,2026-02-23 20:52:31.084026,0 days 00:00:44.349623,5,0.6384103677566974,10,13,0.001962626686223171,0.5126450687352794,1051,COMPLETE
52,0.8576894183817935,2026-02-23 20:52:31.085171,2026-02-23 20:52:49.212102,0 days 00:00:18.126931,5,0.6837753550082586,15,13,0.07007659097167676,0.5226706759143136,1067,PRUNED
53,0.878338357523283,2026-02-23 20:52:49.213517,2026-02-23 20:52:58.140374,0 days 00:00:08.926857,4,0.5855532338330042,11,9,0.0015239136721552876,0.5005197281410673,1174,PRUNED
54,0.8667079196001193,2026-02-23 20:52:58.141383,2026-02-23 20:53:57.266816,0 days 00:00:59.125433,6,0.7214829112024355,8,4,0.002181081206378905,0.5488695839090053,1121,COMPLETE
55,0.8781144359584324,2026-02-23 20:53:57.267817,2026-02-23 20:54:10.839722,0 days 00:00:13.571905,6,0.7439652778580365,7,4,0.0031967251202300673,0.5518380940551716,1284,PRUNED
56,0.8789595592838362,2026-02-23 20:54:10.840762,2026-02-23 20:54:21.764509,0 days 00:00:10.923747,6,0.7208774863669615,2,8,0.0011890010752428563,0.5707825764624429,977,PRUNED
57,0.8736624900078012,2026-02-23 20:54:21.765545,2026-02-23 20:54:37.153327,0 days 00:00:15.387782,7,0.7953043098827283,5,4,0.0022494792105944945,0.6568603359221589,1123,PRUNED
58,0.8714786528108175,2026-02-23 20:54:37.153327,2026-02-23 20:54:53.134627,0 days 00:00:15.981300,9,0.8096314613491484,13,7,0.0014524836496505728,0.5436546714984384,1211,PRUNED
59,0.8780325721605301,2026-02-23 20:54:53.139873,2026-02-23 20:55:02.678325,0 days 00:00:09.538452,5,0.7618499708549967,8,11,0.002779952356537544,0.5992481647760942,915,PRUNED
60,0.8775943600658762,2026-02-23 20:55:02.679488,2026-02-23 20:55:20.034212,0 days 00:00:17.354724,6,0.6681160113962535,18,50,0.0018192127192729508,0.6246031701613055,1490,PRUNED
61,0.8784442989088037,2026-02-23 20:55:20.036918,2026-02-23 20:55:29.968132,0 days 00:00:09.931214,5,0.7042482362817708,9,16,0.00210948511308908,0.527157387861389,1053,PRUNED
62,0.8783720661459489,2026-02-23 20:55:29.969229,2026-02-23 20:55:38.407292,0 days 00:00:08.438063,4,0.6547166787158317,11,10,0.0035617800499423255,0.5197127738082553,1091,PRUNED
63,0.878237231655286,2026-02-23 20:55:38.407292,2026-02-23 20:55:48.934577,0 days 00:00:10.527285,5,0.6200171829452219,6,13,0.001511590562172465,0.5626335151778483,1155,PRUNED
64,0.8775076807504503,2026-02-23 20:55:48.935579,2026-02-23 20:55:59.314712,0 days 00:00:10.379133,7,0.5992525696135795,15,18,0.0018863897216546324,0.5414216625279801,1017,PRUNED
65,0.8658844661035723,2026-02-23 20:55:59.315966,2026-02-23 20:56:37.292965,0 days 00:00:37.976999,5,0.6867358829446668,37,6,0.0025401232878856147,0.516259519898427,834,COMPLETE
66,0.876888886748659,2026-02-23 20:56:37.294001,2026-02-23 20:56:46.568039,0 days 00:00:09.274038,5,0.6290020140839265,13,14,0.0011123308567826337,0.5781130868267307,988,PRUNED
67,0.8666400208030357,2026-02-23 20:56:46.568039,2026-02-23 20:57:51.994354,0 days 00:01:05.426315,6,0.7245535221080073,3,11,0.0013650853655433877,0.5435679030024417,1233,COMPLETE
68,0.8700388130712409,2026-02-23 20:57:51.995702,2026-02-23 20:58:07.367631,0 days 00:00:15.371929,6,0.7310792123552481,4,8,0.014191748879704886,0.7036037715062612,1223,PRUNED
69,0.876118403944872,2026-02-23 20:58:07.367631,2026-02-23 20:58:23.753677,0 days 00:00:16.386046,6,0.8322549724253129,2,3,0.0013449864387438887,0.6581439036974794,1294,PRUNED
70,0.8725910373587848,2026-02-23 20:58:23.754760,2026-02-23 20:58:36.813282,0 days 00:00:13.058522,7,0.7168670425333742,7,10,0.0057773208916059,0.5393342839730473,1168,PRUNED
71,0.8787067446138438,2026-02-23 20:58:36.814310,2026-02-23 20:58:50.459979,0 days 00:00:13.645669,6,0.6698669639642736,9,12,0.0016612552202784718,0.512693270333864,1362,PRUNED
72,0.8787837928942224,2026-02-23 20:58:50.462433,2026-02-23 20:59:01.304306,0 days 00:00:10.841873,6,0.6389215381229878,6,16,0.00209465551602814,0.5508916011121077,1122,PRUNED
73,0.8751360383700436,2026-02-23 20:59:01.305371,2026-02-23 20:59:14.731756,0 days 00:00:13.426385,8,0.74771876469209,10,14,0.0010973590469368266,0.573567017387382,1045,PRUNED
74,0.8770550221032255,2026-02-23 20:59:14.733090,2026-02-23 20:59:24.676130,0 days 00:00:09.943040,5,0.5682718613504254,4,19,0.0013300736040941265,0.5945903218080837,1081,PRUNED
75,0.8665581570051334,2026-02-23 20:59:24.678133,2026-02-23 21:00:23.194894,0 days 00:00:58.516761,5,0.6916971930720548,1,6,0.0027169388437172383,0.5009039419284225,1256,COMPLETE
76,0.8778110583544413,2026-02-23 21:00:23.195929,2026-02-23 21:00:31.844154,0 days 00:00:08.648225,4,0.855991594730722,22,11,0.0017895821850816818,0.5354918756487216,951,PRUNED
77,0.8780012712966262,2026-02-23 21:00:31.845360,2026-02-23 21:00:43.515438,0 days 00:00:11.670078,6,0.6573596959596453,17,21,0.002269776914906506,0.5604868055390355,1187,PRUNED
78,0.8777340100740625,2026-02-23 21:00:43.516480,2026-02-23 21:00:48.088855,0 days 00:00:04.572375,5,0.5406721564434571,13,17,0.004026878202787158,0.5209670641248861,559,PRUNED
79,0.8780807273357669,2026-02-23 21:00:48.089852,2026-02-23 21:01:00.460446,0 days 00:00:12.370594,6,0.7071823077201648,9,8,0.0033526772562457127,0.5859735099595028,1109,PRUNED
80,0.87733672987836,2026-02-23 21:01:00.461918,2026-02-23 21:01:14.652275,0 days 00:00:14.190357,5,0.5991826797009574,6,30,0.0014579081817249957,0.7448416008206343,1235,PRUNED
81,0.8667214030491855,2026-02-23 21:01:14.653320,2026-02-23 21:02:06.510726,0 days 00:00:51.857406,5,0.6946416017575998,2,6,0.002585415843854971,0.5013176865121637,1140,COMPLETE
82,0.8762700927468674,2026-02-23 21:02:06.511771,2026-02-23 21:02:24.387795,0 days 00:00:17.876024,5,0.6789582984874746,3,2,0.0016908308573129146,0.9657157254268924,1142,PRUNED
83,0.8780759118182431,2026-02-23 21:02:24.389801,2026-02-23 21:02:34.501885,0 days 00:00:10.112084,4,0.919281500714465,5,10,0.0019216413462102282,0.5385364085442026,1033,PRUNED
84,0.8782998333830937,2026-02-23 21:02:34.503879,2026-02-23 21:02:44.315678,0 days 00:00:09.811799,5,0.7295365442195665,12,7,0.002731669354621441,0.511640263542357,1074,PRUNED
85,0.8672737429091504,2026-02-23 21:02:44.316676,2026-02-23 21:03:35.257746,0 days 00:00:50.941070,5,0.6330614997992734,8,5,0.002309943177895731,0.529803885017103,1181,COMPLETE
86,0.8756561142625997,2026-02-23 21:03:35.258749,2026-02-23 21:03:48.883351,0 days 00:00:13.624602,7,0.7723236780348817,29,5,0.0024175050148084625,0.549107999601177,1199,PRUNED
87,0.8671928422147529,2026-02-23 21:03:48.884386,2026-02-23 21:04:43.901914,0 days 00:00:55.017528,6,0.6311185430665882,2,3,0.0012155107201072526,0.5296317631283477,1142,COMPLETE
88,0.8788102782406024,2026-02-23 21:04:43.901914,2026-02-23 21:04:57.584179,0 days 00:00:13.682265,5,0.6912882417400539,1,4,0.00126671832541059,0.5284677063350447,1349,PRUNED
89,0.8670493397925474,2026-02-23 21:04:57.585215,2026-02-23 21:06:02.681583,0 days 00:01:05.096368,6,0.6324245748078381,3,2,0.0010987380663208285,0.5668040295190151,1288,COMPLETE
90,0.8669751808226831,2026-02-23 21:06:02.682618,2026-02-23 21:07:05.109688,0 days 00:01:02.427070,6,0.6301323629195464,3,2,0.001066026559487636,0.5660258810727725,1235,COMPLETE
91,0.8670435611715192,2026-02-23 21:07:05.110734,2026-02-23 21:08:09.792024,0 days 00:01:04.681290,6,0.627971518927046,2,3,0.0010557025587076617,0.5663741549096134,1278,COMPLETE
92,0.8672414789417419,2026-02-23 21:08:09.793129,2026-02-23 21:09:16.538530,0 days 00:01:06.745401,6,0.6322071338209224,2,2,0.001009790601715467,0.5778854719157462,1296,COMPLETE
93,0.8780590575069102,2026-02-23 21:09:16.539568,2026-02-23 21:09:31.503739,0 days 00:00:14.964171,7,0.6417616350805735,2,2,0.0010288479921497645,0.6000702898027622,1299,PRUNED
94,0.867102310485308,2026-02-23 21:09:31.503739,2026-02-23 21:10:41.975910,0 days 00:01:10.472171,6,0.6299845780896912,4,3,0.001199304441885608,0.5688052226411096,1403,COMPLETE
95,0.8671649122131153,2026-02-23 21:10:41.976946,2026-02-23 21:11:52.396050,0 days 00:01:10.419104,6,0.6030374944660513,4,3,0.0011159204625079686,0.5690411665538131,1382,COMPLETE
96,0.8666486887345783,2026-02-23 21:11:52.397092,2026-02-23 21:13:04.475432,0 days 00:01:12.078340,6,0.6295683012821252,1,3,0.0010838231044939055,0.5713616810857838,1412,COMPLETE
97,0.8671803218691914,2026-02-23 21:13:04.476584,2026-02-23 21:14:22.523477,0 days 00:01:18.046893,6,0.6025000856791786,4,3,0.0011877448381216195,0.6035167381208811,1474,COMPLETE
98,0.8669433984070268,2026-02-23 21:14:22.524513,2026-02-23 21:15:36.193302,0 days 00:01:13.668789,6,0.5961298171751283,4,3,0.0011869886073268797,0.5835171172807836,1435,COMPLETE
99,0.876060617734588,2026-02-23 21:15:36.194291,2026-02-23 21:15:51.272537,0 days 00:00:15.078246,7,0.5705662127149783,4,3,0.001187448352703219,0.5828521214803009,1438,PRUNED
100,0.8670363378952336,2026-02-23 21:15:51.273540,2026-02-23 21:17:06.210785,0 days 00:01:14.937245,6,0.6017461083701197,3,5,0.001009686266291915,0.5645510745475592,1492,COMPLETE
101,0.8672294401479329,2026-02-23 21:17:06.211797,2026-02-23 21:18:26.079714,0 days 00:01:19.867917,6,0.5984586127911569,3,5,0.0010000673275134386,0.6082639224411099,1499,COMPLETE
102,0.8764073349962921,2026-02-23 21:18:26.080752,2026-02-23 21:18:41.108570,0 days 00:00:15.027818,6,0.5746203914833559,3,5,0.0010725145639946814,0.6054015271452913,1497,PRUNED
103,0.8791738498136394,2026-02-23 21:18:41.109626,2026-02-23 21:18:57.104583,0 days 00:00:15.994957,6,0.609181830633442,5,2,0.0010324119768670005,0.6250003661675823,1465,PRUNED
104,0.8772596815979813,2026-02-23 21:18:57.105618,2026-02-23 21:19:10.234222,0 days 00:00:13.128604,6,0.5496709271309735,3,5,0.0010034049259355104,0.5662678635465456,1374,PRUNED
105,0.8665581570051334,2026-02-23 21:19:10.235311,2026-02-23 21:20:20.346314,0 days 00:01:10.111003,6,0.5881480456628745,1,4,0.001257524119920318,0.5932803775135504,1333,COMPLETE
106,0.8673676455008621,2026-02-23 21:20:20.347619,2026-02-23 21:21:29.772328,0 days 00:01:09.424709,6,0.6278756915076231,5,2,0.0011426392355584779,0.5574505253011884,1405,COMPLETE
107,0.8741560805539771,2026-02-23 21:21:29.774399,2026-02-23 21:21:47.062007,0 days 00:00:17.287608,6,0.5250959007330047,7,5,0.0014368842160715882,0.7910741083889372,1407,PRUNED
108,0.8784852308077549,2026-02-23 21:21:47.063204,2026-02-23 21:22:02.954081,0 days 00:00:15.890877,7,0.6063883452016917,5,3,0.0011921217377321703,0.5579403415043982,1468,PRUNED
109,0.8764290048251485,2026-02-23 21:22:02.955084,2026-02-23 21:22:16.951906,0 days 00:00:13.996822,6,0.5813559126481943,6,7,0.0011420243345243244,0.6419266662125241,1326,PRUNED
110,0.8669376197859984,2026-02-23 21:22:16.953402,2026-02-23 21:23:33.814612,0 days 00:01:16.861210,6,0.6180609693372798,2,6,0.0012557181826336596,0.617844313174615,1421,COMPLETE
111,0.8791690342961157,2026-02-23 21:23:33.815624,2026-02-23 21:23:47.890936,0 days 00:00:14.075312,6,0.6391089779671149,4,2,0.00110990410849683,0.5704330726247955,1389,PRUNED
112,0.8671485394535351,2026-02-23 21:23:47.892086,2026-02-23 21:25:01.405753,0 days 00:01:13.513667,6,0.625979908632486,2,2,0.0013915549704503634,0.5588733111804293,1474,COMPLETE
113,0.8668336046074872,2026-02-23 21:25:01.407841,2026-02-23 21:26:19.321005,0 days 00:01:17.913164,6,0.6217793572800705,2,4,0.001379089682208725,0.608058131755996,1464,COMPLETE
114,0.8666082383873794,2026-02-23 21:26:19.322049,2026-02-23 21:27:34.032917,0 days 00:01:14.710868,6,0.6488752559571704,1,3,0.0015299750203300719,0.5552572652725513,1497,COMPLETE
115,0.8669352120272367,2026-02-23 21:27:34.034156,2026-02-23 21:28:40.040868,0 days 00:01:06.006712,6,0.6628993691015125,5,5,0.0012823821569297744,0.5889194869214336,1278,COMPLETE
116,0.8779796014677699,2026-02-23 21:28:40.042035,2026-02-23 21:28:54.797737,0 days 00:00:14.755702,7,0.5905057529970712,7,38,0.0014990808385926826,0.5772797194731475,1358,PRUNED
117,0.8771272548660805,2026-02-23 21:28:54.799279,2026-02-23 21:29:07.613336,0 days 00:00:12.814057,6,0.5620520244527721,43,7,0.0010159111438705509,0.5337490810749338,1435,PRUNED
118,0.8671027920370602,2026-02-23 21:29:07.614840,2026-02-23 21:30:17.793137,0 days 00:01:10.178297,6,0.6010413802411253,3,4,0.0011441199002227343,0.5597207499482768,1387,COMPLETE
119,0.8672294401479327,2026-02-23 21:30:17.794179,2026-02-23 21:31:25.959614,0 days 00:01:08.165435,6,0.6288111917493733,6,2,0.0013730255100518104,0.5561608506363157,1380,COMPLETE
120,0.8695596690776358,2026-02-23 21:31:25.960611,2026-02-23 21:31:39.378785,0 days 00:00:13.418174,7,0.5800843531187626,4,2,0.010229879418883535,0.5467541203254442,1388,PRUNED
121,0.8674374705049551,2026-02-23 21:31:39.380178,2026-02-23 21:32:45.814855,0 days 00:01:06.434677,6,0.6273568265318046,6,3,0.0013602360019994277,0.5547798119053922,1349,COMPLETE
122,0.8673517542930339,2026-02-23 21:32:45.816323,2026-02-23 21:33:50.470354,0 days 00:01:04.654031,6,0.6480435134018643,7,4,0.0013598953061137768,0.5557806140764292,1312,COMPLETE
123,0.8672487022180274,2026-02-23 21:33:50.471355,2026-02-23 21:35:01.131041,0 days 00:01:10.659686,6,0.6167379865768683,6,4,0.0015562459048536123,0.5766787697795569,1350,COMPLETE
124,0.8795181593165817,2026-02-23 21:35:01.132355,2026-02-23 21:35:14.250111,0 days 00:00:13.117756,6,0.610959266920569,6,4,0.00137745117772513,0.5523262042568564,1313,PRUNED
125,0.8792773834403983,2026-02-23 21:35:14.252479,2026-02-23 21:35:28.169642,0 days 00:00:13.917163,6,0.6440943688888595,8,46,0.0014993583102418928,0.5796761851255287,1355,PRUNED
126,0.8764891987941944,2026-02-23 21:35:28.170678,2026-02-23 21:35:49.377301,0 days 00:00:21.206623,6,0.6580759429553557,6,4,0.0016171586055551842,0.881076100085622,1452,PRUNED
127,0.8725139890784063,2026-02-23 21:35:49.378571,2026-02-23 21:36:02.407315,0 days 00:00:13.028744,6,0.6133803506053095,7,6,0.008500544939182729,0.5347344674772128,1374,PRUNED
128,0.8673657192938526,2026-02-23 21:36:02.409872,2026-02-23 21:37:12.958881,0 days 00:01:10.549009,6,0.5948526898887398,8,8,0.001368121113117374,0.5985782384836454,1334,COMPLETE
129,0.8673897968814709,2026-02-23 21:37:12.959917,2026-02-23 21:38:23.393667,0 days 00:01:10.433750,6,0.6190074771882822,8,8,0.0013702274880879326,0.5967554468520541,1334,COMPLETE
130,0.8793303541331585,2026-02-23 21:38:23.394780,2026-02-23 21:38:38.002383,0 days 00:00:14.607603,6,0.5921151383046956,10,8,0.0017450792736009688,0.610591508428945,1336,PRUNED
131,0.8794940817289634,2026-02-23 21:38:38.004493,2026-02-23 21:38:51.967865,0 days 00:00:13.963372,6,0.6235934570512311,8,6,0.001342744979979077,0.591077024260664,1314,PRUNED
132,0.8674268763664031,2026-02-23 21:38:51.968863,2026-02-23 21:40:07.433911,0 days 00:01:15.465048,6,0.6513085788882119,6,2,0.0015831818584198362,0.593666300885936,1419,COMPLETE
133,0.8791184713621173,2026-02-23 21:40:07.435310,2026-02-23 21:40:21.783642,0 days 00:00:14.348332,6,0.6482165914628585,9,5,0.0015674881063438865,0.600166860662341,1341,PRUNED
134,0.8788969575560285,2026-02-23 21:40:21.783642,2026-02-23 21:40:39.121174,0 days 00:00:17.337532,6,0.6765411165575533,6,7,0.0012951611226178098,0.6220726278962808,1426,PRUNED
135,0.8780686885419576,2026-02-23 21:40:39.122401,2026-02-23 21:40:55.369013,0 days 00:00:16.246612,6,0.6689818738268514,7,3,0.00184571755800743,0.603407077475684,1366,PRUNED
136,0.8660058171451686,2026-02-23 21:40:55.369013,2026-02-23 21:41:23.319119,0 days 00:00:27.950106,7,0.6397175054136209,5,5,0.037332123357656365,0.6424230680812801,1264,PRUNED
137,0.8765975479384769,2026-02-23 21:41:23.320153,2026-02-23 21:41:37.402012,0 days 00:00:14.081859,6,0.5769038717805421,8,3,0.0012283815898307359,0.5825042676751567,1409,PRUNED
138,0.8670084078935962,2026-02-23 21:41:37.403461,2026-02-23 21:42:47.151579,0 days 00:01:09.748118,6,0.6094205492853834,5,9,0.0015936989082832138,0.5901466916913353,1307,COMPLETE
139,0.8673079330835686,2026-02-23 21:42:47.153617,2026-02-23 21:43:54.532104,0 days 00:01:07.378487,6,0.6506152819542329,10,4,0.0014442358236880842,0.5448987844825341,1344,COMPLETE
140,0.8588379193111884,2026-02-23 21:43:54.532104,2026-02-23 21:44:27.542418,0 days 00:00:33.010314,6,0.6594842098699351,11,8,0.0590430833321677,0.5224977955543798,1343,PRUNED
141,0.8677331432809083,2026-02-23 21:44:27.543925,2026-02-23 21:45:36.698816,0 days 00:01:09.154891,6,0.6179557889096388,9,4,0.0014165356456608833,0.5475334502490724,1372,COMPLETE
142,0.8794459265537267,2026-02-23 21:45:36.699851,2026-02-23 21:45:50.059580,0 days 00:00:13.359729,6,0.651418644403303,10,4,0.0014373237408956984,0.5430190286757515,1321,PRUNED
143,0.8677509606957461,2026-02-23 21:45:50.060615,2026-02-23 21:47:00.579384,0 days 00:01:10.518769,6,0.6187130032706512,8,6,0.0019605554542104077,0.529853138864465,1445,COMPLETE
144,0.8753671832111798,2026-02-23 21:47:00.580386,2026-02-23 21:47:16.710681,0 days 00:00:16.130295,8,0.6187971281844871,9,7,0.0017748715696237326,0.5297415336645339,1420,PRUNED
145,0.8792749756816365,2026-02-23 21:47:16.711715,2026-02-23 21:47:30.264327,0 days 00:00:13.552612,6,0.6366053832541908,8,5,0.001987597521297952,0.5460581667072962,1360,PRUNED
146,0.8791642187785922,2026-02-23 21:47:30.264327,2026-02-23 21:47:44.292988,0 days 00:00:14.028661,6,0.6660727740124871,7,2,0.0016530021815911453,0.5144372111154094,1445,PRUNED
147,0.8790462385992622,2026-02-23 21:47:44.294023,2026-02-23 21:47:56.967173,0 days 00:00:12.673150,6,0.6183738473944153,9,6,0.001931408932455098,0.5340894756476053,1292,PRUNED
148,0.8794049946547754,2026-02-23 21:47:56.968178,2026-02-23 21:48:11.186349,0 days 00:00:14.218171,6,0.6465466996162399,10,6,0.001460617134251135,0.5491963617035279,1395,PRUNED
149,0.8792292282651616,2026-02-23 21:48:11.187689,2026-02-23 21:48:18.069849,0 days 00:00:06.882160,6,0.5907194014305766,12,4,0.0013649755516311258,0.5270473834062568,700,PRUNED
150,0.867329602912425,2026-02-23 21:48:18.070756,2026-02-23 21:49:28.274292,0 days 00:01:10.203536,6,0.6298304871473243,6,2,0.0017664485511479718,0.5771691002782787,1337,COMPLETE
151,0.8795542756980094,2026-02-23 21:49:28.275401,2026-02-23 21:49:42.404629,0 days 00:00:14.129228,6,0.6375515274698356,6,2,0.0022455955719459493,0.5784888130760023,1332,PRUNED
152,0.8673040806695494,2026-02-23 21:49:42.406898,2026-02-23 21:50:46.636188,0 days 00:01:04.229290,6,0.628779051826983,7,4,0.0017743351814724182,0.5563654182270508,1262,COMPLETE
153,0.8672145120436093,2026-02-23 21:50:46.637313,2026-02-23 21:51:51.438681,0 days 00:01:04.801368,6,0.6205280784868709,7,4,0.0017807209488718493,0.5565280512004751,1274,COMPLETE
154,0.867644537758473,2026-02-23 21:51:51.439524,2026-02-23 21:52:59.397310,0 days 00:01:07.957786,6,0.6498955153771597,8,5,0.0016172333402438687,0.5417981376011897,1367,COMPLETE
155,0.8788849187622194,2026-02-23 21:52:59.399503,2026-02-23 21:53:11.785090,0 days 00:00:12.385587,6,0.4225268478394364,8,6,0.002101473491290913,0.5732941806246936,1304,PRUNED
156,0.8677552946615172,2026-02-23 21:53:11.787160,2026-02-23 21:54:14.676715,0 days 00:01:02.889555,6,0.6558517787929804,8,9,0.0016528335611850572,0.5457698863744656,1257,COMPLETE
157,0.8788584334158391,2026-02-23 21:54:14.678817,2026-02-23 21:54:27.078212,0 days 00:00:12.399395,6,0.6562116064689503,11,7,0.0016152675570193747,0.5427252318110607,1247,PRUNED
158,0.8788367635869827,2026-02-23 21:54:27.078212,2026-02-23 21:54:41.094854,0 days 00:00:14.016642,6,0.6803835328977367,8,9,0.0019111400639320447,0.5140915831530044,1355,PRUNED
159,0.8784081825273763,2026-02-23 21:54:41.095851,2026-02-23 21:54:46.267187,0 days 00:00:05.171336,6,0.6698832437859965,9,9,0.0017286852313936666,0.5459912494262759,451,PRUNED
160,0.8766818194951411,2026-02-23 21:54:46.268190,2026-02-23 21:54:59.667852,0 days 00:00:13.399662,7,0.6482039713460569,10,4,0.002306769280606255,0.5386019145719935,1255,PRUNED
161,0.8794916739702014,2026-02-23 21:54:59.668889,2026-02-23 21:55:14.027240,0 days 00:00:14.358351,6,0.6100008198311963,7,5,0.001535288755082625,0.5934166260140484,1330,PRUNED
162,0.8793640627558245,2026-02-23 21:55:14.028573,2026-02-23 21:55:27.612845,0 days 00:00:13.584272,6,0.6344897205840229,9,8,0.0015184996582662522,0.5776828099302268,1302,PRUNED
163,0.8673594591210717,2026-02-23 21:55:27.613848,2026-02-23 21:56:33.424223,0 days 00:01:05.810375,6,0.6581336575166912,5,5,0.0012725994368671966,0.5601377883136458,1273,COMPLETE
164,0.8793231308568732,2026-02-23 21:56:33.426255,2026-02-23 21:56:46.560340,0 days 00:00:13.134085,6,0.657711981696623,7,6,0.0016972238742471626,0.5603461400188076,1280,PRUNED
165,0.8671788772139342,2026-02-23 21:56:46.561398,2026-02-23 21:57:49.483657,0 days 00:01:02.922259,6,0.6434104960962467,5,4,0.001979229636793805,0.5718275242325032,1211,COMPLETE
166,0.8787597153066039,2026-02-23 21:57:49.485694,2026-02-23 21:58:04.476819,0 days 00:00:14.991125,6,0.6766435580225774,6,3,0.0012703383633060367,0.553844212729884,1344,PRUNED
167,0.879602430873246,2026-02-23 21:58:04.476819,2026-02-23 21:58:16.488644,0 days 00:00:12.011825,6,0.6239959962438144,8,7,0.0014441586685609057,0.522831159994161,1238,PRUNED
168,0.87884639462203,2026-02-23 21:58:16.489841,2026-02-23 21:58:30.432031,0 days 00:00:13.942190,6,0.6611206514269148,11,2,0.0018285397151610104,0.5603317798023372,1369,PRUNED
169,0.8666366499407692,2026-02-23 21:58:30.435390,2026-02-23 21:59:34.986873,0 days 00:01:04.551483,6,0.6378154328407982,35,5,0.0015969680322297935,0.5418541822849781,1316,COMPLETE
170,0.866826862882954,2026-02-23 21:59:34.987825,2026-02-23 21:59:48.310557,0 days 00:00:13.322732,6,0.611836898592724,9,4,0.023480092054142133,0.584334739995092,1270,PRUNED
171,0.8672645934258554,2026-02-23 21:59:48.310557,2026-02-23 22:01:01.452437,0 days 00:01:13.141880,6,0.6028748114581993,5,5,0.0012711693713914906,0.5691272992607767,1406,COMPLETE
172,0.8673999094682705,2026-02-23 22:01:01.453484,2026-02-23 22:02:13.648926,0 days 00:01:12.195442,6,0.6227812463224287,5,6,0.0013057109725497056,0.565029460805254,1401,COMPLETE
173,0.8676252756883782,2026-02-23 22:02:13.650365,2026-02-23 22:03:24.593523,0 days 00:01:10.943158,6,0.6190653637573085,6,6,0.0013039297334860736,0.5498083377221379,1404,COMPLETE
174,0.8675742312026273,2026-02-23 22:03:24.594578,2026-02-23 22:04:35.103354,0 days 00:01:10.508776,6,0.6504296205361535,5,8,0.00131182988846299,0.5508200817502672,1405,COMPLETE
175,0.8675463012009901,2026-02-23 22:04:35.104616,2026-02-23 22:05:45.045590,0 days 00:01:09.940974,6,0.6428233141018246,7,10,0.001357560974715848,0.538766917305805,1426,COMPLETE
176,0.8774619333339754,2026-02-23 22:05:45.046599,2026-02-23 22:06:03.342472,0 days 00:00:18.295873,6,0.980527444288039,7,10,0.0013303356338893594,0.5530752246855374,1441,PRUNED
177,0.8676796910363958,2026-02-23 22:06:03.343481,2026-02-23 22:07:13.150363,0 days 00:01:09.806882,6,0.6511376886758549,5,8,0.0013908353850797346,0.5367327236942472,1420,COMPLETE
178,0.8676228679296164,2026-02-23 22:07:13.151376,2026-02-23 22:08:22.582316,0 days 00:01:09.430940,6,0.6482445140549902,5,9,0.0013723954949922523,0.5387537635987508,1419,COMPLETE
179,0.8787813851354606,2026-02-23 22:08:22.584310,2026-02-23 22:08:37.776984,0 days 00:00:15.192674,6,0.6674447213540766,5,9,0.001188799655000994,0.5341031731763913,1421,PRUNED
180,0.8733350348161917,2026-02-23 22:08:37.777988,2026-02-23 22:08:56.929563,0 days 00:00:19.151575,10,0.6501520360987336,5,8,0.001345386529073299,0.5211724220520647,1457,PRUNED
181,0.8795976153557223,2026-02-23 22:08:56.930631,2026-02-23 22:09:10.764261,0 days 00:00:13.833630,6,0.6512009103551945,6,10,0.0013848908413453328,0.542229336850575,1387,PRUNED
182,0.8794820429351543,2026-02-23 22:09:10.765303,2026-02-23 22:09:25.619200,0 days 00:00:14.853897,6,0.6461688364025286,6,8,0.00144043904088534,0.5371155860967062,1407,PRUNED
183,0.878716375648891,2026-02-23 22:09:25.620203,2026-02-23 22:09:42.599203,0 days 00:00:16.979000,6,0.681071293536233,4,7,0.0012141069569932149,0.5471075099574775,1431,PRUNED
184,0.8788993653147903,2026-02-23 22:09:42.599810,2026-02-23 22:09:56.614959,0 days 00:00:14.015149,6,0.6651374240699811,8,11,0.0015201461466697102,0.5613591063749286,1380,PRUNED
185,0.868714545752232,2026-02-23 22:09:56.616073,2026-02-23 22:10:10.731589,0 days 00:00:14.115516,6,0.687704087388546,7,8,0.012605593357139708,0.5116950110466572,1407,PRUNED
186,0.8785815411582282,2026-02-23 22:10:10.732711,2026-02-23 22:10:25.233972,0 days 00:00:14.501261,6,0.6998515580229794,4,12,0.001291216861785863,0.5307360596249662,1368,PRUNED
187,0.8795952075969604,2026-02-23 22:10:25.235408,2026-02-23 22:10:39.607011,0 days 00:00:14.371603,6,0.6405439546092863,6,9,0.001128169221796156,0.5446933753361032,1443,PRUNED
188,0.8674942936117345,2026-02-23 22:10:39.609005,2026-02-23 22:11:49.113971,0 days 00:01:09.504966,6,0.655805353388099,5,7,0.0014480594048636628,0.5514109165020953,1395,COMPLETE
189,0.8793110920630642,2026-02-23 22:11:49.115202,2026-02-23 22:12:03.357975,0 days 00:00:14.242773,6,0.618706128232619,5,7,0.0016261405524872253,0.5686796139027042,1393,PRUNED
190,0.878858433415839,2026-02-23 22:12:03.357975,2026-02-23 22:12:18.814885,0 days 00:00:15.456910,6,0.6682883767481448,4,10,0.0012806724754232095,0.5227334518544462,1470,PRUNED
191,0.8795085282815345,2026-02-23 22:12:18.815921,2026-02-23 22:12:32.931744,0 days 00:00:14.115823,6,0.654617862363267,8,8,0.0014615738707182957,0.5546801615216206,1420,PRUNED
192,0.8793062765455404,2026-02-23 22:12:32.932793,2026-02-23 22:12:46.574579,0 days 00:00:13.641786,6,0.6345884220445221,6,6,0.001404207974976011,0.548938534921853,1367,PRUNED
193,0.8675906039622078,2026-02-23 22:12:46.574579,2026-02-23 22:13:54.665812,0 days 00:01:08.091233,6,0.6444859903284713,5,7,0.0011785737217330239,0.5353501549184274,1396,COMPLETE
194,0.877408962641215,2026-02-23 22:13:54.667852,2026-02-23 22:14:14.059607,0 days 00:00:19.391755,6,0.6265298537906858,5,9,0.0011473311352241083,0.8269470499407012,1398,PRUNED
195,0.8794362955186794,2026-02-23 22:14:14.060705,2026-02-23 22:14:27.908836,0 days 00:00:13.848131,6,0.6430500380604154,7,8,0.0012808658045534566,0.5336959743267737,1428,PRUNED
196,0.8672636303223508,2026-02-23 22:14:27.909936,2026-02-23 22:15:41.386363,0 days 00:01:13.476427,6,0.6232715017512558,4,7,0.0011759781843036676,0.5634510774655748,1444,COMPLETE
197,0.8674803286109158,2026-02-23 22:15:41.387376,2026-02-23 22:16:48.981510,0 days 00:01:07.594134,6,0.6597072535881225,6,6,0.0016212631254713093,0.5366746237613191,1396,COMPLETE
198,0.8786104342633703,2026-02-23 22:16:48.982551,2026-02-23 22:17:03.535980,0 days 00:00:14.553429,6,0.67936369700849,5,7,0.0013387228726594628,0.5209319293792597,1400,PRUNED
199,0.8787886084117459,2026-02-23 22:17:03.537050,2026-02-23 22:17:17.079279,0 days 00:00:13.542229,6,0.6628895555566492,7,10,0.0015518035411768907,0.5093559401263892,1456,PRUNED
200,0.8794820429351544,2026-02-23 22:17:17.082583,2026-02-23 22:17:30.403281,0 days 00:00:13.320698,6,0.6566355096569664,8,6,0.0011505299310202207,0.5318810908224287,1382,PRUNED
201,0.8792195972301143,2026-02-23 22:17:30.403281,2026-02-23 22:17:44.239114,0 days 00:00:13.835833,6,0.6385959748815441,6,7,0.0016661346976735824,0.5375029903673082,1415,PRUNED
202,0.8792629368878274,2026-02-23 22:17:44.240152,2026-02-23 22:17:57.739089,0 days 00:00:13.498937,6,0.6102061055458827,6,35,0.0014952971654409262,0.5514993113459599,1360,PRUNED
203,0.8794627808650597,2026-02-23 22:17:57.740465,2026-02-23 22:18:11.777036,0 days 00:00:14.036571,6,0.6344925142293749,5,8,0.001291899574671343,0.5611538830575046,1386,PRUNED
204,0.8792605291290656,2026-02-23 22:18:11.779054,2026-02-23 22:18:24.874578,0 days 00:00:13.095524,6,0.6530049347425698,7,6,0.0016806775945810812,0.540267107514147,1349,PRUNED
205,0.867622386377864,2026-02-23 22:18:24.874578,2026-02-23 22:19:35.992479,0 days 00:01:11.117901,6,0.6197971716993972,4,9,0.0014208978184425802,0.550039510271305,1431,COMPLETE
206,0.86738353670869,2026-02-23 22:19:35.993517,2026-02-23 22:20:46.667402,0 days 00:01:10.673885,6,0.5947236688613999,3,9,0.0013916965173159368,0.5268278837033714,1476,COMPLETE
207,0.8675689341333512,2026-02-23 22:20:46.668843,2026-02-23 22:21:56.911223,0 days 00:01:10.242380,6,0.5896070824968304,3,11,0.001439482140909868,0.5224405261631346,1473,COMPLETE
208,0.8673792027429188,2026-02-23 22:21:56.912227,2026-02-23 22:23:07.303729,0 days 00:01:10.391502,6,0.5910054897049137,3,11,0.001453729006680547,0.518756354462697,1482,COMPLETE
209,0.8722082037156533,2026-02-23 22:23:07.304768,2026-02-23 22:23:23.844467,0 days 00:00:16.539699,9,0.5828941911858133,3,11,0.0015444739058907576,0.5076346822789524,1476,PRUNED
210,0.8676517610347583,2026-02-23 22:23:23.845505,2026-02-23 22:24:33.235896,0 days 00:01:09.390391,6,0.5951763301268016,3,11,0.001439020338778086,0.5107649878715661,1482,COMPLETE
211,0.8718903795590913,2026-02-23 22:24:33.236947,2026-02-23 22:24:46.033392,0 days 00:00:12.796445,6,0.5694809257228899,3,10,0.0066929678027017655,0.5156541663048523,1476,PRUNED
212,0.8676175708603404,2026-02-23 22:24:46.034784,2026-02-23 22:25:57.719805,0 days 00:01:11.685021,6,0.5890433898713642,3,10,0.001461493944593772,0.5238607726413722,1499,COMPLETE
213,0.8676122737910644,2026-02-23 22:25:57.721827,2026-02-23 22:27:10.753579,0 days 00:01:13.031752,6,0.5869979175229268,3,12,0.0014681060645529498,0.5244552044290912,1500,COMPLETE
214,0.8764434513777195,2026-02-23 22:27:10.755919,2026-02-23 22:27:23.875577,0 days 00:00:13.119658,6,0.5832589027085019,3,11,0.0016129678076577357,0.5005331395897867,1454,PRUNED
215,0.8776063988596855,2026-02-23 22:27:23.876798,2026-02-23 22:27:37.732771,0 days 00:00:13.855973,6,0.5510378822387436,1,12,0.0014138841080603484,0.5258487242982243,1494,PRUNED
216,0.8676849881056719,2026-02-23 22:27:37.734151,2026-02-23 22:28:50.448041,0 days 00:01:12.713890,6,0.5920019519996693,4,12,0.0015711934175619403,0.5282874909764766,1497,COMPLETE
217,0.8766336643199044,2026-02-23 22:28:50.450045,2026-02-23 22:29:04.213790,0 days 00:00:13.763745,6,0.5722221135275131,4,13,0.0017259909113075996,0.5133611131520456,1498,PRUNED
218,0.879645770530959,2026-02-23 22:29:04.215794,2026-02-23 22:29:19.298286,0 days 00:00:15.082492,6,0.6066114097068365,4,13,0.0015689923449510696,0.5309868278547121,1445,PRUNED
219,0.8796072463907697,2026-02-23 22:29:19.299751,2026-02-23 22:29:33.527994,0 days 00:00:14.228243,6,0.6020445636673655,2,10,0.0018404926601946043,0.5219394755279163,1466,PRUNED
220,0.8774474867814044,2026-02-23 22:29:33.531176,2026-02-23 22:29:46.896127,0 days 00:00:13.364951,6,0.5606637135594258,4,12,0.0015409001165004235,0.537722493324876,1434,PRUNED
221,0.8675241498203811,2026-02-23 22:29:46.896127,2026-02-23 22:30:59.443640,0 days 00:01:12.547513,6,0.5971718549734855,3,9,0.0014182076086625389,0.5232529764275322,1500,COMPLETE
222,0.8672395527347325,2026-02-23 22:30:59.445092,2026-02-23 22:32:10.845101,0 days 00:01:11.400009,6,0.593606493683768,2,9,0.0014594820373252768,0.5088902362235646,1499,COMPLETE
223,0.8675217420616195,2026-02-23 22:32:10.846143,2026-02-23 22:33:21.937436,0 days 00:01:11.091293,6,0.6149458359426017,4,9,0.0012668143512145227,0.5276737277956514,1459,COMPLETE
224,0.8773246910845508,2026-02-23 22:33:21.939677,2026-02-23 22:33:35.244602,0 days 00:00:13.304925,6,0.582621154353879,4,11,0.0012277842597686525,0.5250329576145322,1457,PRUNED
225,0.8793977713784901,2026-02-23 22:33:35.245635,2026-02-23 22:33:49.631733,0 days 00:00:14.386098,6,0.6096309319123425,3,10,0.0016626634771183485,0.5362403114548776,1460,PRUNED
226,0.8672592963565794,2026-02-23 22:33:49.632769,2026-02-23 22:35:02.193825,0 days 00:01:12.561056,6,0.6019927889124129,1,12,0.0012427425555897045,0.5182447387511504,1500,COMPLETE
227,0.8675520798220184,2026-02-23 22:35:02.194878,2026-02-23 22:36:11.943864,0 days 00:01:09.748986,6,0.6160466150428724,4,9,0.0014865005904020467,0.530927338483112,1428,COMPLETE
228,0.8772307884928393,2026-02-23 22:36:11.945316,2026-02-23 22:36:24.647880,0 days 00:00:12.702564,6,0.5828077570914831,2,9,0.0018943422980755205,0.5068720293798625,1432,PRUNED
229,0.8673411601544817,2026-02-23 22:36:24.648883,2026-02-23 22:37:36.829912,0 days 00:01:12.181029,6,0.6084803891893261,3,10,0.0015290811175122277,0.5293401787687183,1479,COMPLETE
230,0.8766842272539028,2026-02-23 22:37:36.831333,2026-02-23 22:37:50.270312,0 days 00:00:13.438979,6,0.5704337954782591,4,12,0.0016694679956701004,0.5413516702684799,1445,PRUNED
231,0.8677268831081276,2026-02-23 22:37:50.271530,2026-02-23 22:39:10.035054,0 days 00:01:19.763524,6,0.6185787357624616,5,9,0.0013191042593261033,0.5298380509550503,1419,COMPLETE
232,0.867412429813832,2026-02-23 22:39:10.036163,2026-02-23 22:40:19.735515,0 days 00:01:09.699352,6,0.6150326813579639,4,9,0.0014363956512207163,0.5186942245836754,1423,COMPLETE
233,0.8677755198351166,2026-02-23 22:40:19.736973,2026-02-23 22:41:30.908383,0 days 00:01:11.171410,6,0.5917269918531318,5,11,0.0013636234374759765,0.5284905949502029,1462,COMPLETE
234,0.8678304167348865,2026-02-23 22:41:30.909418,2026-02-23 22:42:42.666962,0 days 00:01:11.757544,6,0.5921525897458204,5,11,0.0013576809614935462,0.5292231273594301,1469,COMPLETE
235,0.8675795282719033,2026-02-23 22:42:42.668401,2026-02-23 22:43:53.794131,0 days 00:01:11.125730,6,0.5892816227903505,3,11,0.001228420028110365,0.5284365102096852,1471,COMPLETE
236,0.8676532056900156,2026-02-23 22:43:53.795227,2026-02-23 22:45:04.922812,0 days 00:01:11.127585,6,0.5918929278820094,3,11,0.0011380537833391021,0.5273730023713264,1473,COMPLETE
237,0.8797228188113376,2026-02-23 22:45:04.924219,2026-02-23 22:45:19.164578,0 days 00:00:14.240359,6,0.5963295982197387,2,11,0.0011405872654657314,0.5257062506155666,1472,PRUNED
238,0.8768961100249444,2026-02-23 22:45:19.165582,2026-02-23 22:45:32.755275,0 days 00:00:13.589693,6,0.578253584196607,3,14,0.0012237606830104643,0.5159771646530783,1500,PRUNED
239,0.8675718234438655,2026-02-23 22:45:32.755275,2026-02-23 22:46:40.890643,0 days 00:01:08.135368,6,0.5890901832580359,1,11,0.0010883792725425547,0.5018769553245491,1461,COMPLETE
240,0.8677326617291559,2026-02-23 22:46:40.891652,2026-02-23 22:47:49.303986,0 days 00:01:08.412334,6,0.5900925807239424,1,12,0.0011035159979463768,0.502055495462065,1469,COMPLETE
241,0.8798046826092399,2026-02-23 22:47:49.305025,2026-02-23 22:48:03.059019,0 days 00:00:13.753994,6,0.5899873059165166,2,11,0.001072677965348729,0.5053959149396926,1474,PRUNED
242,0.8779627471564371,2026-02-23 22:48:03.060422,2026-02-23 22:48:15.965867,0 days 00:00:12.905445,6,0.563762374103926,1,13,0.0011624467364337746,0.5011736233217384,1450,PRUNED
243,0.8676320174129113,2026-02-23 22:48:15.968125,2026-02-23 22:49:24.772611,0 days 00:01:08.804486,6,0.587136884018636,2,12,0.001061243424415487,0.5000725863947515,1483,COMPLETE
244,0.8777604954204429,2026-02-23 22:49:24.773646,2026-02-23 22:49:37.933358,0 days 00:00:13.159712,6,0.5745893408367788,1,12,0.0010513424845725323,0.508297354997971,1477,PRUNED
245,0.8676069767217884,2026-02-23 22:49:37.935390,2026-02-23 22:50:46.878180,0 days 00:01:08.942790,6,0.5860355368650049,1,12,0.0010805935171215044,0.5136478988743642,1452,COMPLETE
246,0.8797155955350521,2026-02-23 22:50:46.879216,2026-02-23 22:51:00.461065,0 days 00:00:13.581849,6,0.5876093077518251,1,14,0.001083425205731868,0.5025487438030424,1456,PRUNED
247,0.8777845730080612,2026-02-23 22:51:00.462067,2026-02-23 22:51:13.446649,0 days 00:00:12.984582,6,0.5597953691227964,1,12,0.001099815269730086,0.51437564807101,1443,PRUNED
248,0.877120031589795,2026-02-23 22:51:13.448648,2026-02-23 22:51:26.679146,0 days 00:00:13.230498,6,0.5830625788914813,2,12,0.0011746016082343359,0.5136072708569985,1478,PRUNED
249,0.8776786316225406,2026-02-23 22:51:26.680152,2026-02-23 22:51:39.823850,0 days 00:00:13.143698,6,0.5458942794502415,2,13,0.0010999699034231574,0.5150991731820633,1459,PRUNED
250,0.8781168437171942,2026-02-23 22:51:39.824853,2026-02-23 22:51:52.560560,0 days 00:00:12.735707,6,0.5738476671574342,1,11,0.0012240762088962568,0.5067870521818578,1436,PRUNED
251,0.8676045689630264,2026-02-23 22:51:52.562641,2026-02-23 22:53:08.272391,0 days 00:01:15.709750,6,0.5924450602236213,3,11,0.0010042021100823005,0.5011574226425611,1478,COMPLETE
252,0.867828490527877,2026-02-23 22:53:08.273775,2026-02-23 22:54:28.409089,0 days 00:01:20.135314,6,0.5892958989184219,3,11,0.0010032543625561833,0.5000726573541708,1478,COMPLETE
253,0.8676768017258816,2026-02-23 22:54:28.409089,2026-02-23 22:55:41.338199,0 days 00:01:12.929110,6,0.5970073731465061,2,13,0.0010485042431341825,0.5000477601459523,1477,COMPLETE
254,0.8677591470755364,2026-02-23 22:55:41.339237,2026-02-23 22:56:52.917728,0 days 00:01:11.578491,6,0.603777544609907,3,13,0.0010048175083509211,0.5104174477419586,1484,COMPLETE
255,0.8797974593329545,2026-02-23 22:56:52.918729,2026-02-23 22:57:07.037867,0 days 00:00:14.119138,6,0.6013341109615017,3,13,0.0010183272328227846,0.5023578651283659,1485,PRUNED
256,0.8796192851845788,2026-02-23 22:57:07.037867,2026-02-23 22:57:20.947223,0 days 00:00:13.909356,6,0.5982492456676739,2,15,0.0010704605275371518,0.5012337504190624,1487,PRUNED
257,0.8777677186967285,2026-02-23 22:57:20.948321,2026-02-23 22:57:34.365100,0 days 00:00:13.416779,6,0.571508242313526,2,13,0.0010378588979622972,0.5190524530979901,1474,PRUNED
258,0.8772885747031235,2026-02-23 22:57:34.366107,2026-02-23 22:57:47.998906,0 days 00:00:13.632799,6,0.5784114460428578,3,12,0.0010121123468795883,0.5106183662250414,1497,PRUNED
259,0.8677384403501843,2026-02-23 22:57:48.000913,2026-02-23 22:58:57.702627,0 days 00:01:09.701714,6,0.6012557367134281,3,14,0.001012743050490272,0.5137689957868552,1451,COMPLETE
260,0.8666438732170546,2026-02-23 22:58:57.704057,2026-02-23 23:00:04.470869,0 days 00:01:06.766812,6,0.602801714196608,29,15,0.0010250051368763068,0.5000937444343905,1449,COMPLETE
261,0.865791045063613,2026-02-23 23:00:04.473390,2026-02-23 23:01:11.533472,0 days 00:01:07.060082,6,0.6066407516595023,50,14,0.0011170038905615133,0.513372099642631,1454,COMPLETE
262,0.8796072463907695,2026-02-23 23:01:11.534571,2026-02-23 23:01:25.250367,0 days 00:00:13.715796,6,0.5970820962091714,2,12,0.0010083997135105186,0.514409609932097,1432,PRUNED
263,0.8776280686885419,2026-02-23 23:01:25.251369,2026-02-23 23:01:38.586849,0 days 00:00:13.335480,6,0.5816215853519007,4,14,0.0011582429538365597,0.5091656894596729,1494,PRUNED
264,0.8775389816143541,2026-02-23 23:01:38.588294,2026-02-23 23:01:51.106248,0 days 00:00:12.517954,6,0.5635547144468936,25,13,0.0010094988361297138,0.5001857482555747,1446,PRUNED
265,0.8795229748341054,2026-02-23 23:01:51.108361,2026-02-23 23:02:05.698571,0 days 00:00:14.590210,6,0.6059803188117845,3,28,0.0011597655599031292,0.522355084847952,1500,PRUNED
266,0.8794314800011558,2026-02-23 23:02:05.698571,2026-02-23 23:02:19.784263,0 days 00:00:14.085692,6,0.5937718088816876,4,10,0.0011026705283754118,0.5170305911078711,1469,PRUNED
267,0.8796000231144842,2026-02-23 23:02:19.785518,2026-02-23 23:02:33.802236,0 days 00:00:14.016718,6,0.5870636036073273,2,12,0.0010065281750289957,0.5311150478793613,1430,PRUNED
268,0.8797565274340032,2026-02-23 23:02:33.803494,2026-02-23 23:02:51.289407,0 days 00:00:17.485913,6,0.6127526795300737,1,14,0.0012016944417300472,0.688075118382404,1458,PRUNED
269,0.8774739721277844,2026-02-23 23:02:51.290647,2026-02-23 23:03:03.978465,0 days 00:00:12.687818,6,0.5680352932125743,3,11,0.0011333007183540916,0.5135297481705713,1416,PRUNED
270,0.8766192177673335,2026-02-23 23:03:03.978465,2026-02-23 23:03:17.495512,0 days 00:00:13.517047,6,0.5796086617734689,5,37,0.0012122795793119779,0.5237948344248906,1477,PRUNED
271,0.872415270969171,2026-02-23 23:03:17.496548,2026-02-23 23:03:27.500813,0 days 00:00:10.004265,6,0.6017678404032295,4,10,0.0012745904233931959,0.9601757282455419,621,PRUNED
272,0.8770646531382729,2026-02-23 23:03:27.500813,2026-02-23 23:03:41.134994,0 days 00:00:13.634181,6,0.5537505983754272,5,12,0.001104396903591988,0.5384275199886812,1441,PRUNED
273,0.8776160298947328,2026-02-23 23:03:41.136033,2026-02-23 23:04:00.842008,0 days 00:00:19.705975,6,0.6178716920969366,2,13,0.0012998054546772,0.763259520831897,1500,PRUNED
274,0.8775076807504502,2026-02-23 23:04:00.843387,2026-02-23 23:04:19.393249,0 days 00:00:18.549862,6,0.5941367918079505,3,10,0.001018955967256208,0.723994524682643,1475,PRUNED
275,0.8676657260355771,2026-02-23 23:04:19.394333,2026-02-23 23:05:26.331636,0 days 00:01:06.937303,6,0.6072950764125293,5,11,0.0011699723100686372,0.5000148591276845,1427,COMPLETE
276,0.8786922980612726,2026-02-23 23:05:26.332638,2026-02-23 23:05:34.028601,0 days 00:00:07.695963,6,0.6074873183564554,1,11,0.001000322236256492,0.5121829616082028,805,PRUNED
277,0.8679276901888645,2026-02-23 23:05:34.029919,2026-02-23 23:06:41.467403,0 days 00:01:07.437484,6,0.5854657883847141,4,16,0.001294352309765152,0.5005147421198428,1423,COMPLETE
278,0.8780349799192919,2026-02-23 23:06:41.468405,2026-02-23 23:06:54.265589,0 days 00:00:12.797184,6,0.5797956832660874,4,16,0.0013264983963934534,0.5092689245084598,1421,PRUNED
279,0.8797974593329544,2026-02-23 23:06:54.266627,2026-02-23 23:07:08.246241,0 days 00:00:13.979614,6,0.6078932501562637,5,14,0.00132621112712553,0.5234711708363033,1445,PRUNED
280,0.8780397954368155,2026-02-23 23:07:08.247284,2026-02-23 23:07:20.799883,0 days 00:00:12.552599,6,0.5735237946651073,4,15,0.001248338346144222,0.5002088386993284,1420,PRUNED
281,0.8675568953395422,2026-02-23 23:07:20.800920,2026-02-23 23:08:30.348132,0 days 00:01:09.547212,6,0.6191582732133277,2,13,0.0012004676754046929,0.5109792093402853,1450,COMPLETE
282,0.8770453910681781,2026-02-23 23:08:30.349223,2026-02-23 23:08:43.280848,0 days 00:00:12.931625,6,0.5369510298437339,4,12,0.001350931732537349,0.5214089590610504,1420,PRUNED
283,0.8798070903680018,2026-02-23 23:08:43.281921,2026-02-23 23:08:57.665268,0 days 00:00:14.383347,6,0.5973964614647025,3,17,0.0011358241861982742,0.5301528128999389,1462,PRUNED
284,0.8677504791439936,2026-02-23 23:08:57.666266,2026-02-23 23:10:06.539962,0 days 00:01:08.873696,6,0.5897174861393254,5,10,0.001311868378857626,0.5166465110222475,1441,COMPLETE
285,0.8770526143444636,2026-02-23 23:10:06.540916,2026-02-23 23:10:20.115422,0 days 00:00:13.574506,6,0.5602142595072827,5,11,0.0013587223316233977,0.5437576696649754,1430,PRUNED
286,0.87966021708353,2026-02-23 23:10:20.116492,2026-02-23 23:10:36.180141,0 days 00:00:16.063649,6,0.6056811009873748,40,10,0.001471011932040299,0.5293662184917585,1499,PRUNED
287,0.8678491972532288,2026-02-23 23:10:36.181138,2026-02-23 23:11:46.754256,0 days 00:01:10.573118,6,0.6241431850869573,5,10,0.0012627924644488884,0.5177519642559445,1413,COMPLETE
288,0.8798263524380965,2026-02-23 23:11:46.755259,2026-02-23 23:12:00.081151,0 days 00:00:13.325892,6,0.6215881262862122,6,10,0.0012510708382288938,0.5005336088949409,1414,PRUNED
289,0.8652064412362397,2026-02-23 23:12:00.081151,2026-02-23 23:12:40.848725,0 days 00:00:40.767574,6,0.6257429550352279,5,10,0.0992321243688026,0.5102018457188767,1406,PRUNED
290,0.875913744450116,2026-02-23 23:12:40.850071,2026-02-23 23:12:54.599579,0 days 00:00:13.749508,6,0.6123569206167625,6,9,0.004984630045883234,0.5200131890963217,1441,PRUNED
291,0.867970066743073,2026-02-23 23:12:54.600722,2026-02-23 23:14:03.783960,0 days 00:01:09.183238,6,0.627008043808254,5,10,0.0012656589601070013,0.5372883081587808,1385,COMPLETE
292,0.8694152035519257,2026-02-23 23:14:03.786109,2026-02-23 23:14:17.217058,0 days 00:00:13.430949,6,0.6317210954986894,32,22,0.016088905653460373,0.5443922847877866,1385,PRUNED
293,0.8797685662278125,2026-02-23 23:14:17.218061,2026-02-23 23:14:31.117159,0 days 00:00:13.899098,6,0.6209733686455186,6,9,0.0011834828484339653,0.5358131109757476,1389,PRUNED
294,0.8731038899750556,2026-02-23 23:14:31.118156,2026-02-23 23:14:44.442528,0 days 00:00:13.324372,6,0.6278252623976143,5,11,0.008996682443463291,0.5104711522648118,1407,PRUNED
295,0.879761342951527,2026-02-23 23:14:44.443805,2026-02-23 23:14:58.252730,0 days 00:00:13.808925,6,0.6118514070385904,5,13,0.001283907610027611,0.5387582058158286,1379,PRUNED
296,0.8790390153229768,2026-02-23 23:14:58.253764,2026-02-23 23:15:13.335019,0 days 00:00:15.081255,7,0.6004858365866605,4,9,0.0011361914761274143,0.5191038272283158,1428,PRUNED
297,0.8795566834567711,2026-02-23 23:15:13.336473,2026-02-23 23:15:26.733901,0 days 00:00:13.397428,6,0.6169751037695593,6,48,0.0013321567498365866,0.5010982557029857,1434,PRUNED
298,0.8675299284414095,2026-02-23 23:15:26.735316,2026-02-23 23:16:39.242690,0 days 00:01:12.507374,6,0.6019287203117818,4,11,0.001206833888809184,0.5343258421603128,1462,COMPLETE
299,0.8608989608113184,2026-02-23 23:16:39.244774,2026-02-23 23:17:18.631749,0 days 00:00:39.386975,6,0.6341357001788771,6,15,0.08292490981097807,0.5093247293321768,1414,PRUNED
